-- phpMyAdmin SQL Dump
-- version 5.0.3
-- https://www.phpmyadmin.net/
--
-- Host: 127.0.0.1
-- Generation Time: Apr 14, 2021 at 11:47 AM
-- Server version: 10.4.14-MariaDB
-- PHP Version: 7.3.23

SET SQL_MODE = "NO_AUTO_VALUE_ON_ZERO";
START TRANSACTION;
SET time_zone = "+00:00";


/*!40101 SET @OLD_CHARACTER_SET_CLIENT=@@CHARACTER_SET_CLIENT */;
/*!40101 SET @OLD_CHARACTER_SET_RESULTS=@@CHARACTER_SET_RESULTS */;
/*!40101 SET @OLD_COLLATION_CONNECTION=@@COLLATION_CONNECTION */;
/*!40101 SET NAMES utf8mb4 */;

--
-- Database: `academy`
--

-- --------------------------------------------------------

--
-- Table structure for table `addresses`
--

CREATE TABLE `addresses` (
  `AddressID` int(11) NOT NULL,
  `AddressText` varchar(100) NOT NULL,
  `TownID` int(11) DEFAULT NULL
) ENGINE=InnoDB DEFAULT CHARSET=utf8mb4;

--
-- Dumping data for table `addresses`
--

INSERT INTO `addresses` (`AddressID`, `AddressText`, `TownID`) VALUES
(1, '108 Lakeside Court', 5),
(2, '1343 Prospect St', 5),
(3, '1648 Eastgate Lane', 5),
(4, '2284 Azalea Avenue', 5),
(5, '2947 Vine Lane', 5),
(6, '3067 Maya', 5),
(7, '3197 Thornhill Place', 5),
(8, '3284 S. Blank Avenue', 5),
(9, '332 Laguna Niguel', 5),
(10, '3454 Bel Air Drive', 5),
(11, '3670 All Ways Drive', 5),
(12, '3708 Montana', 5),
(13, '3711 Rollingwood Dr', 5),
(14, '3919 Pinto Road', 5),
(15, '4311 Clay Rd', 5),
(16, '4777 Rockne Drive', 5),
(17, '5678 Clear Court', 5),
(18, '5863 Sierra', 5),
(19, '6058 Hill Street', 5),
(20, '6118 Grasswood Circle', 5),
(21, '620 Woodside Ct.', 5),
(22, '6307 Greenbelt Way', 5),
(23, '6448 Castle Court', 5),
(24, '6774 Bonanza', 5),
(25, '6968 Wren Ave.', 5),
(26, '7221 Peachwillow Street', 5),
(27, '7270 Pepper Way', 5),
(28, '7396 Stratton Circle', 5),
(29, '7808 Brown St.', 5),
(30, '7902 Grammercy Lane', 5),
(31, '8668 Via Neruda', 5),
(32, '8684 Military East', 5),
(33, '8751 Norse Drive', 5),
(34, '9320 Teakwood Dr.', 5),
(35, '9435 Breck Court', 5),
(36, '9745 Bonita Ct.', 5),
(37, 'Pascalstr 951', 31),
(38, '94, rue Descartes', 30),
(39, '1226 Shoe St.', 8),
(40, '1399 Firestone Drive', 8),
(41, '1902 Santa Cruz', 8),
(42, '1970 Napa Ct.', 8),
(43, '250 Race Court', 8),
(44, '5672 Hale Dr.', 8),
(45, '5747 Shirley Drive', 8),
(46, '6387 Scenic Avenue', 8),
(47, '6872 Thornwood Dr.', 8),
(48, '7484 Roundtree Drive', 8),
(49, '8157 W. Book', 8),
(50, '9539 Glenside Dr', 8),
(51, '9833 Mt. Dias Blv.', 8),
(52, '10203 Acorn Avenue', 2),
(53, '3997 Via De Luna', 23),
(54, 'Downshire Way', 23),
(55, '1411 Ranch Drive', 15),
(56, '3074 Arbor Drive', 15),
(57, '390 Ridgewood Ct.', 15),
(58, '9666 Northridge Ct.', 15),
(59, '9752 Jeanne Circle', 15),
(60, '8154 Via Mexico', 27),
(61, '80 Sunview Terrace', 26),
(62, '1825 Corte Del Prado', 17),
(63, '2598 La Vista Circle', 17),
(64, '3421 Bouncing Road', 17),
(65, '3977 Central Avenue', 17),
(66, '5086 Nottingham Place', 17),
(67, '5379 Treasure Island Way', 17),
(68, '8209 Green View Court', 17),
(69, '8463 Vista Avenue', 17),
(70, '9693 Mellowood Street', 17),
(71, '991 Vista Verde', 17),
(72, '1061 Buskrik Avenue', 3),
(73, '172 Turning Dr.', 3),
(74, '2038 Encino Drive', 3),
(75, '2046 Las Palmas', 3),
(76, '2059 Clay Rd', 3),
(77, '207 Berry Court', 3),
(78, '2080 Sycamore Drive', 3),
(79, '2466 Clearland Circle', 3),
(80, '2687 Ridge Road', 3),
(81, '2812 Mazatlan', 3),
(82, '3026 Anchor Drive', 3),
(83, '3281 Hillview Dr.', 3),
(84, '3632 Bank Way', 3),
(85, '371 Apple Dr.', 3),
(86, '504 O St.', 3),
(87, '5423 Champion Rd.', 3),
(88, '6057 Hill Street', 3),
(89, '6870 D Bel Air Drive', 3),
(90, '7338 Green St.', 3),
(91, '7511 Cooper Dr.', 3),
(92, '8152 Claudia Dr.', 3),
(93, '8411 Mt. Orange Place', 3),
(94, '9277 Country View Lane', 3),
(95, '9784 Mt Etna Drive', 3),
(96, '9825 Coralie Drive', 3),
(97, '1185 Dallas Drive', 7),
(98, '1362 Somerset Place', 7),
(99, '181 Gaining Drive', 7),
(100, '1962 Cotton Ct.', 7),
(101, '2176 Apollo Way', 7),
(102, '2294 West 39th St.', 7),
(103, '3238 Laguna Circle', 7),
(104, '3385 Crestview Drive', 7),
(105, '3665 Oak Creek Ct.', 7),
(106, '3928 San Francisco', 7),
(107, '475 Santa Maria', 7),
(108, '5242 Marvelle Ln.', 7),
(109, '5452 Corte Gilberto', 7),
(110, '6629 Polson Circle', 7),
(111, '7640 First Ave.', 7),
(112, '7883 Missing Canyon Court', 7),
(113, '8624 Pepper Way', 7),
(114, '9241 St George Dr.', 7),
(115, '213 Stonewood Drive', 18),
(116, '2425 Notre Dame Ave', 18),
(117, '3884 Beauty Street', 18),
(118, '8036 Summit View Dr.', 18),
(119, '9605 Pheasant Circle', 18),
(120, '1245 Clay Road', 10),
(121, '1748 Bird Drive', 10),
(122, '310 Winter Lane', 10),
(123, '3127 El Camino Drive', 10),
(124, '3514 Sunshine', 10),
(125, '1144 Paradise Ct.', 6),
(126, '1921 Ranch Road', 6),
(127, '3333 Madhatter Circle', 6),
(128, '342 San Simeon', 6),
(129, '3848 East 39th Street', 6),
(130, '5256 Chickpea Ct.', 6),
(131, '5979 El Pueblo', 6),
(132, '6580 Poor Ridge Court', 6),
(133, '7435 Ricardo', 6),
(134, '7691 Benedict Ct.', 6),
(135, '7772 Golden Meadow', 6),
(136, '8585 Los Gatos Ct.', 6),
(137, '9314 Icicle Way', 6),
(138, '9530 Vine Lane', 6),
(139, '989 Crown Ct', 6),
(140, '25 95th Ave NE', 20),
(141, '4095 Cooper Dr.', 20),
(142, '4155 Working Drive', 20),
(143, '463 H Stagecoach Rd.', 20),
(144, '5050 Mt. Wilson Way', 20),
(145, '5203 Virginia Lane', 20),
(146, '5458 Gladstone Drive', 20),
(147, '5553 Cash Avenue', 20),
(148, '5669 Ironwood Way', 20),
(149, '6697 Ridge Park Drive', 20),
(150, '7048 Laurel', 20),
(151, '8192 Seagull Court', 20),
(152, '350 Pastel Drive', 22),
(153, '34 Waterloo Road', 21),
(154, '8291 Crossbow Way', 28),
(155, '5678 Lakeview Blvd.', 24),
(156, '1356 Grove Way', 12),
(157, '158 Walnut Ave', 12),
(158, '1792 Belmont Rd.', 12),
(159, '2275 Valley Blvd.', 12),
(160, '3747 W. Landing Avenue', 12),
(161, '3841 Silver Oaks Place', 12),
(162, '4566 La Jolla', 12),
(163, '4734 Sycamore Court', 12),
(164, '5030 Blue Ridge Dr.', 12),
(165, '5734 Ashford Court', 12),
(166, '7726 Driftwood Drive', 12),
(167, '8310 Ridge Circle', 12),
(168, '896 Southdale', 12),
(169, '9652 Los Angeles', 12),
(170, '2487 Riverside Drive', 19),
(171, '1397 Paradise Ct.', 14),
(172, '1400 Gate Drive', 14),
(173, '3030 Blackburn Ct.', 14),
(174, '4350 Minute Dr.', 14),
(175, '8967 Hamilton Ave.', 14),
(176, '9297 Kenston Dr.', 14),
(177, '9687 Shakespeare Drive', 14),
(178, '9100 Sheppard Avenue North', 29),
(179, '636 Vine Hill Way', 25),
(180, '101 Candy Rd.', 1),
(181, '1275 West Street', 1),
(182, '2137 Birchwood Dr', 1),
(183, '2383 Pepper Drive', 1),
(184, '2427 Notre Dame Ave.', 1),
(185, '2482 Buckingham Dr.', 1),
(186, '3066 Wallace Dr.', 1),
(187, '3397 Rancho View Drive', 1),
(188, '3768 Door Way', 1),
(189, '4909 Poco Lane', 1),
(190, '6369 Ellis Street', 1),
(191, '6891 Ham Drive', 1),
(192, '7297 RisingView', 1),
(193, '8000 Crane Court', 1),
(194, '8040 Hill Ct', 1),
(195, '8467 Clifford Court', 1),
(196, '9006 Woodside Way', 1),
(197, '9322 Driving Drive', 1),
(198, '9863 Ridge Place', 1),
(199, '9882 Clay Rde', 1),
(200, '9906 Oak Grove Road', 1),
(201, '1378 String Dr', 13),
(202, '1803 Olive Hill', 13),
(203, '2176 Brown Street', 13),
(204, '2266 Greenwood Circle', 13),
(205, '2598 Breck Court', 13),
(206, '2736 Scramble Rd', 13),
(207, '4312 Cambridge Drive', 13),
(208, '5009 Orange Street', 13),
(209, '5670 Bel Air Dr.', 13),
(210, '5980 Icicle Circle', 13),
(211, '6510 Hacienda Drive', 13),
(212, '6937 E. 42nd Street', 13),
(213, '7165 Brock Lane', 13),
(214, '7559 Worth Ct.', 13),
(215, '7985 Center Street', 13),
(216, '9495 Limewood Place', 13),
(217, '9533 Working Drive', 13),
(218, '177 11th Ave', 16),
(219, '1962 Ferndale Lane', 16),
(220, '2473 Orchard Way', 16),
(221, '4096 San Remo', 16),
(222, '4310 Kenston Dr.', 16),
(223, '4444 Pepper Way', 16),
(224, '4525 Benedict Ct.', 16),
(225, '5263 Etcheverry Dr', 16),
(226, '535 Greendell Pl', 16),
(227, '6871 Thornwood Dr.', 16),
(228, '6951 Harmony Way', 16),
(229, '7086 O St.', 16),
(230, '7145 Matchstick Drive', 16),
(231, '7820 Bird Drive', 16),
(232, '7939 Bayview Court', 16),
(233, '8316 La Salle St.', 16),
(234, '9104 Mt. Sequoia Ct.', 16),
(235, '1234 Seaside Way', 9),
(236, '5725 Glaze Drive', 9),
(237, '1064 Slow Creek Road', 4),
(238, '1102 Ravenwood', 4),
(239, '1220 Bradford Way', 4),
(240, '1349 Steven Way', 4),
(241, '136 Balboa Court', 4),
(242, '137 Mazatlan', 4),
(243, '1398 Yorba Linda', 4),
(244, '1619 Stillman Court', 4),
(245, '2144 San Rafael', 4),
(246, '2354 Frame Ln.', 4),
(247, '2639 Anchor Court', 4),
(248, '3029 Pastime Dr', 4),
(249, '3243 Buckingham Dr.', 4),
(250, '426 San Rafael', 4),
(251, '4598 Manila Avenue', 4),
(252, '4948 West 4th St', 4),
(253, '502 Alexander Pl.', 4),
(254, '5025 Holiday Hills', 4),
(255, '5125 Cotton Ct.', 4),
(256, '5375 Clearland Circle', 4),
(257, '5376 Catanzaro Way', 4),
(258, '5407 Cougar Way', 4),
(259, '5666 Hazelnut Lane', 4),
(260, '5802 Ampersand Drive', 4),
(261, '6498 Mining Rd.', 4),
(262, '6578 Woodhaven Ln.', 4),
(263, '6657 Sand Pointe Lane', 4),
(264, '6843 San Simeon Dr.', 4),
(265, '7126 Ending Ct.', 4),
(266, '7127 Los Gatos Court', 4),
(267, '7166 Brock Lane', 4),
(268, '7403 N. Broadway', 4),
(269, '7439 Laguna Niguel', 4),
(270, '7594 Alexander Pl.', 4),
(271, '7616 Honey Court', 4),
(272, '77 Birchwood', 4),
(273, '7765 Sunsine Drive', 4),
(274, '7842 Ygnacio Valley Road', 4),
(275, '8290 Margaret Ct.', 4),
(276, '8656 Lakespring Place', 4),
(277, '874 Olivera Road', 4),
(278, '931 Corte De Luna', 4),
(279, '9537 Ridgewood Drive', 4),
(280, '9964 North Ridge Drive', 4),
(281, '1285 Greenbrier Street', 11),
(282, '2115 Passing', 11),
(283, '2601 Cambridge Drive', 11),
(284, '3114 Notre Dame Ave.', 11),
(285, '3280 Pheasant Circle', 11),
(286, '4231 Spar Court', 11),
(287, '4852 Chaparral Court', 11),
(288, '5724 Victory Lane', 11),
(289, '591 Merriewood Drive', 11),
(290, '7230 Vine Maple Street', 11),
(291, '163 Nishava Str, ent A, apt. 1', 32);

-- --------------------------------------------------------

--
-- Table structure for table `departments`
--

CREATE TABLE `departments` (
  `DepartmentID` int(11) NOT NULL,
  `Name` varchar(50) NOT NULL,
  `ManagerID` int(11) NOT NULL
) ENGINE=InnoDB DEFAULT CHARSET=utf8mb4;

--
-- Dumping data for table `departments`
--

INSERT INTO `departments` (`DepartmentID`, `Name`, `ManagerID`) VALUES
(1, 'Engineering', 12),
(2, 'Tool Design', 4),
(3, 'Sales', 273),
(4, 'Marketing', 46),
(5, 'Purchasing', 6),
(6, 'Research and Development', 42),
(7, 'Production', 148),
(8, 'Production Control', 21),
(9, 'Human Resources', 30),
(10, 'Finance', 3),
(11, 'Information Services', 42),
(12, 'Document Control', 90),
(13, 'Quality Assurance', 274),
(14, 'Facilities and Maintenance', 218),
(15, 'Shipping and Receiving', 85),
(16, 'Executive', 109);

-- --------------------------------------------------------

--
-- Table structure for table `employees`
--

CREATE TABLE `employees` (
  `EmployeeID` int(11) NOT NULL,
  `FirstName` varchar(50) NOT NULL,
  `LastName` varchar(50) NOT NULL,
  `MiddleName` varchar(50) DEFAULT NULL,
  `JobTitle` varchar(50) NOT NULL,
  `DepartmentID` int(11) NOT NULL,
  `ManagerID` int(11) DEFAULT NULL,
  `HireDate` datetime NOT NULL,
  `Salary` decimal(19,4) NOT NULL,
  `AddressID` int(11) DEFAULT NULL
) ENGINE=InnoDB DEFAULT CHARSET=utf8mb4;

--
-- Dumping data for table `employees`
--

INSERT INTO `employees` (`EmployeeID`, `FirstName`, `LastName`, `MiddleName`, `JobTitle`, `DepartmentID`, `ManagerID`, `HireDate`, `Salary`, `AddressID`) VALUES
(1, 'Guy', 'Gilbert', 'R', 'Production Technician', 7, 16, '1998-07-31 00:00:00', '12500.0000', 166),
(2, 'Kevin', 'Brown', 'F', 'Marketing Assistant', 4, 6, '1999-02-26 00:00:00', '13500.0000', 102),
(3, 'Roberto', 'Tamburello', NULL, 'Engineering Manager', 1, 12, '1999-12-12 00:00:00', '43300.0000', 193),
(4, 'Rob', 'Walters', NULL, 'Senior Tool Designer', 2, 3, '2000-01-05 00:00:00', '29800.0000', 155),
(5, 'Thierry', 'D\'Hers', 'B', 'Tool Designer', 2, 263, '2000-01-11 00:00:00', '25000.0000', 40),
(6, 'David', 'Bradley', 'M', 'Marketing Manager', 5, 109, '2000-01-20 00:00:00', '37500.0000', 199),
(7, 'JoLynn', 'Dobney', 'M', 'Production Supervisor', 7, 21, '2000-01-26 00:00:00', '25000.0000', 275),
(8, 'Ruth', 'Ellerbrock', 'Ann', 'Production Technician', 7, 185, '2000-02-06 00:00:00', '13500.0000', 108),
(9, 'Gail', 'Erickson', 'A', 'Design Engineer', 1, 3, '2000-02-06 00:00:00', '32700.0000', 22),
(10, 'Barry', 'Johnson', 'K', 'Production Technician', 7, 185, '2000-02-07 00:00:00', '13500.0000', 285),
(11, 'Jossef', 'Goldberg', 'H', 'Design Engineer', 1, 3, '2000-02-24 00:00:00', '32700.0000', 214),
(12, 'Terri', 'Duffy', 'Lee', 'Vice President of Engineering', 1, 109, '2000-03-03 00:00:00', '63500.0000', 209),
(13, 'Sidney', 'Higa', 'M', 'Production Technician', 7, 185, '2000-03-05 00:00:00', '13500.0000', 73),
(14, 'Taylor', 'Maxwell', 'R', 'Production Supervisor', 7, 21, '2000-03-11 00:00:00', '25000.0000', 82),
(15, 'Jeffrey', 'Ford', 'L', 'Production Technician', 7, 185, '2000-03-23 00:00:00', '13500.0000', 156),
(16, 'Jo', 'Brown', 'A', 'Production Supervisor', 7, 21, '2000-03-30 00:00:00', '25000.0000', 70),
(17, 'Doris', 'Hartwig', 'M', 'Production Technician', 7, 185, '2000-04-11 00:00:00', '13500.0000', 144),
(18, 'John', 'Campbell', 'T', 'Production Supervisor', 7, 21, '2000-04-18 00:00:00', '25000.0000', 245),
(19, 'Diane', 'Glimp', 'R', 'Production Technician', 7, 185, '2000-04-29 00:00:00', '13500.0000', 184),
(20, 'Steven', 'Selikoff', 'T', 'Production Technician', 7, 173, '2001-01-02 00:00:00', '9500.0000', 104),
(21, 'Peter', 'Krebs', 'J', 'Production Control Manager', 8, 148, '2001-01-02 00:00:00', '24500.0000', 11),
(22, 'Stuart', 'Munson', 'V', 'Production Technician', 7, 197, '2001-01-03 00:00:00', '10000.0000', 36),
(23, 'Greg', 'Alderson', 'F', 'Production Technician', 7, 197, '2001-01-03 00:00:00', '10000.0000', 18),
(24, 'David', 'Johnson', 'N', 'Production Technician', 7, 184, '2001-01-03 00:00:00', '9500.0000', 142),
(25, 'Zheng', 'Mu', 'W', 'Production Supervisor', 7, 21, '2001-01-04 00:00:00', '25000.0000', 278),
(26, 'Ivo', 'Salmre', 'William', 'Production Technician', 7, 108, '2001-01-05 00:00:00', '14000.0000', 165),
(27, 'Paul', 'Komosinski', 'B', 'Production Technician', 7, 87, '2001-01-05 00:00:00', '15000.0000', 32),
(28, 'Ashvini', 'Sharma', 'R', 'Network Administrator', 11, 150, '2001-01-05 00:00:00', '32500.0000', 133),
(29, 'Kendall', 'Keil', 'C', 'Production Technician', 7, 14, '2001-01-06 00:00:00', '11000.0000', 257),
(30, 'Paula', 'Barreto de Mattos', 'M', 'Human Resources Manager', 9, 140, '2001-01-07 00:00:00', '27100.0000', 2),
(31, 'Alejandro', 'McGuel', 'E', 'Production Technician', 7, 210, '2001-01-07 00:00:00', '15000.0000', 274),
(32, 'Garrett', 'Young', 'R', 'Production Technician', 7, 184, '2001-01-08 00:00:00', '9500.0000', 283),
(33, 'Jian Shuo', 'Wang', NULL, 'Production Technician', 7, 135, '2001-01-08 00:00:00', '9500.0000', 160),
(34, 'Susan', 'Eaton', 'W', 'Stocker', 15, 85, '2001-01-08 00:00:00', '9000.0000', 204),
(35, 'Vamsi', 'Kuppa', 'N', 'Shipping and Receiving Clerk', 15, 85, '2001-01-08 00:00:00', '9500.0000', 51),
(36, 'Alice', 'Ciccu', 'O', 'Production Technician', 7, 38, '2001-01-08 00:00:00', '11000.0000', 284),
(37, 'Simon', 'Rapier', 'D', 'Production Technician', 7, 7, '2001-01-09 00:00:00', '12500.0000', 64),
(38, 'Jinghao', 'Liu', 'K', 'Production Supervisor', 7, 21, '2001-01-09 00:00:00', '25000.0000', 55),
(39, 'Michael', 'Hines', 'T', 'Production Technician', 7, 182, '2001-01-10 00:00:00', '14000.0000', 168),
(40, 'Yvonne', 'McKay', 'S', 'Production Technician', 7, 159, '2001-01-10 00:00:00', '10000.0000', 107),
(41, 'Peng', 'Wu', 'J', 'Quality Assurance Supervisor', 13, 200, '2001-01-10 00:00:00', '21600.0000', 39),
(42, 'Jean', 'Trenary', 'E', 'Information Services Manager', 11, 109, '2001-01-12 00:00:00', '50500.0000', 194),
(43, 'Russell', 'Hunter', NULL, 'Production Technician', 7, 74, '2001-01-13 00:00:00', '11000.0000', 258),
(44, 'A. Scott', 'Wright', NULL, 'Master Scheduler', 8, 148, '2001-01-13 00:00:00', '23600.0000', 172),
(45, 'Fred', 'Northup', 'T', 'Production Technician', 7, 210, '2001-01-13 00:00:00', '15000.0000', 282),
(46, 'Sariya', 'Harnpadoungsataya', 'E', 'Marketing Specialist', 4, 6, '2001-01-13 00:00:00', '14400.0000', 106),
(47, 'Willis', 'Johnson', 'T', 'Recruiter', 9, 30, '2001-01-14 00:00:00', '18300.0000', 99),
(48, 'Jun', 'Cao', 'T', 'Production Technician', 7, 38, '2001-01-15 00:00:00', '11000.0000', 197),
(49, 'Christian', 'Kleinerman', 'E', 'Maintenance Supervisor', 14, 218, '2001-01-15 00:00:00', '20400.0000', 118),
(50, 'Susan', 'Metters', 'A', 'Production Technician', 7, 184, '2001-01-15 00:00:00', '9500.0000', 224),
(51, 'Reuben', 'D\'sa', 'H', 'Production Supervisor', 7, 21, '2001-01-16 00:00:00', '25000.0000', 249),
(52, 'Kirk', 'Koenigsbauer', 'J', 'Production Technician', 7, 123, '2001-01-16 00:00:00', '10000.0000', 250),
(53, 'David', 'Ortiz', 'J', 'Production Technician', 7, 18, '2001-01-16 00:00:00', '12500.0000', 267),
(54, 'Tengiz', 'Kharatishvili', 'N', 'Control Specialist', 12, 90, '2001-01-17 00:00:00', '16800.0000', 129),
(55, 'Hanying', 'Feng', 'P', 'Production Technician', 7, 143, '2001-01-17 00:00:00', '14000.0000', 182),
(56, 'Kevin', 'Liu', 'H', 'Production Technician', 7, 210, '2001-01-18 00:00:00', '15000.0000', 259),
(57, 'Annik', 'Stahl', 'O', 'Production Technician', 7, 16, '2001-01-18 00:00:00', '12500.0000', 262),
(58, 'Suroor', 'Fatima', 'R', 'Production Technician', 7, 38, '2001-01-18 00:00:00', '11000.0000', 86),
(59, 'Deborah', 'Poe', 'E', 'Accounts Receivable Specialist', 10, 139, '2001-01-19 00:00:00', '19000.0000', 103),
(60, 'Jim', 'Scardelis', 'H', 'Production Technician', 7, 74, '2001-01-20 00:00:00', '11000.0000', 88),
(61, 'Carole', 'Poland', 'M', 'Production Technician', 7, 173, '2001-01-20 00:00:00', '9500.0000', 72),
(62, 'George', 'Li', 'Z', 'Production Technician', 7, 184, '2001-01-22 00:00:00', '9500.0000', 58),
(63, 'Gary', 'Yukish', 'W', 'Production Technician', 7, 87, '2001-01-23 00:00:00', '15000.0000', 80),
(64, 'Cristian', 'Petculescu', 'K', 'Production Supervisor', 7, 21, '2001-01-23 00:00:00', '25000.0000', 276),
(65, 'Raymond', 'Sam', 'K', 'Production Technician', 7, 143, '2001-01-24 00:00:00', '14000.0000', 75),
(66, 'Janaina', 'Bueno', 'Barreiro Gambaro', 'Application Specialist', 11, 42, '2001-01-24 00:00:00', '27400.0000', 131),
(67, 'Bob', 'Hohman', 'N', 'Production Technician', 7, 14, '2001-01-25 00:00:00', '11000.0000', 44),
(68, 'Shammi', 'Mohamed', 'G', 'Production Technician', 7, 210, '2001-01-25 00:00:00', '15000.0000', 4),
(69, 'Linda', 'Moschell', 'K', 'Production Technician', 7, 38, '2001-01-26 00:00:00', '11000.0000', 5),
(70, 'Mindy', 'Martin', 'C', 'Benefits Specialist', 9, 30, '2001-01-26 00:00:00', '16600.0000', 171),
(71, 'Wendy', 'Kahn', 'Beth', 'Finance Manager', 10, 140, '2001-01-26 00:00:00', '43300.0000', 232),
(72, 'Kim', 'Ralls', 'T', 'Stocker', 15, 85, '2001-01-27 00:00:00', '9000.0000', 42),
(73, 'Sandra', 'Reategui Alayo', NULL, 'Production Technician', 7, 135, '2001-01-27 00:00:00', '9500.0000', 255),
(74, 'Kok-Ho', 'Loh', 'T', 'Production Supervisor', 7, 21, '2001-01-28 00:00:00', '25000.0000', 10),
(75, 'Douglas', 'Hite', 'B', 'Production Technician', 7, 159, '2001-01-28 00:00:00', '10000.0000', 57),
(76, 'James', 'Kramer', 'D', 'Production Technician', 7, 7, '2001-01-28 00:00:00', '12500.0000', 162),
(77, 'Sean', 'Alexander', 'P', 'Quality Assurance Technician', 13, 41, '2001-01-29 00:00:00', '10600.0000', 210),
(78, 'Nitin', 'Mirchandani', 'S', 'Production Technician', 7, 182, '2001-01-29 00:00:00', '14000.0000', 231),
(79, 'Diane', 'Margheim', 'L', 'Research and Development Engineer', 6, 158, '2001-01-30 00:00:00', '40900.0000', 111),
(80, 'Rebecca', 'Laszlo', 'A', 'Production Technician', 7, 16, '2001-01-30 00:00:00', '12500.0000', 6),
(81, 'Rajesh', 'Patel', 'M', 'Production Technician', 7, 210, '2001-02-01 00:00:00', '15000.0000', 81),
(82, 'Vidur', 'Luthra', 'X', 'Recruiter', 9, 30, '2001-02-02 00:00:00', '18300.0000', 176),
(83, 'John', 'Evans', 'P', 'Production Technician', 7, 38, '2001-02-02 00:00:00', '11000.0000', 253),
(84, 'Nancy', 'Anderson', 'A', 'Production Technician', 7, 7, '2001-02-03 00:00:00', '12500.0000', 227),
(85, 'Pilar', 'Ackerman', 'G', 'Shipping and Receiving Supervisor', 15, 21, '2001-02-03 00:00:00', '19200.0000', 269),
(86, 'David', 'Yalovsky', 'A', 'Production Technician', 7, 184, '2001-02-03 00:00:00', '9500.0000', 241),
(87, 'David', 'Hamilton', 'P', 'Production Supervisor', 7, 21, '2001-02-04 00:00:00', '25000.0000', 150),
(88, 'Laura', 'Steele', 'C', 'Production Technician', 7, 123, '2001-02-04 00:00:00', '10000.0000', 62),
(89, 'Margie', 'Shoop', 'W', 'Production Technician', 7, 16, '2001-02-05 00:00:00', '12500.0000', 92),
(90, 'Zainal', 'Arifin', 'T', 'Document Control Manager', 12, 200, '2001-02-05 00:00:00', '17800.0000', 128),
(91, 'Lorraine', 'Nay', 'O', 'Production Technician', 7, 210, '2001-02-05 00:00:00', '15000.0000', 94),
(92, 'Fadi', 'Fakhouri', 'K', 'Production Technician', 7, 143, '2001-02-05 00:00:00', '14000.0000', 281),
(93, 'Ryan', 'Cornelsen', 'L', 'Production Technician', 7, 51, '2001-02-06 00:00:00', '15000.0000', 228),
(94, 'Candy', 'Spoon', 'L', 'Accounts Receivable Specialist', 10, 139, '2001-02-07 00:00:00', '19000.0000', 122),
(95, 'Nuan', 'Yu', NULL, 'Production Technician', 7, 74, '2001-02-07 00:00:00', '11000.0000', 12),
(96, 'William', 'Vong', 'S', 'Scheduling Assistant', 8, 44, '2001-02-08 00:00:00', '16000.0000', 35),
(97, 'Bjorn', 'Rettig', 'M', 'Production Technician', 7, 173, '2001-02-08 00:00:00', '9500.0000', 268),
(98, 'Scott', 'Gode', 'R', 'Production Technician', 7, 197, '2001-02-09 00:00:00', '10000.0000', 256),
(99, 'Michael', 'Rothkugel', 'L', 'Production Technician', 7, 87, '2001-02-11 00:00:00', '15000.0000', 93),
(100, 'Lane', 'Sacksteder', 'M', 'Production Technician', 7, 143, '2001-02-12 00:00:00', '14000.0000', 239),
(101, 'Pete', 'Male', 'C', 'Production Technician', 7, 14, '2001-02-12 00:00:00', '11000.0000', 273),
(102, 'Dan', 'Bacon', 'K', 'Application Specialist', 11, 42, '2001-02-12 00:00:00', '27400.0000', 126),
(103, 'David', 'Barber', 'M', 'Assistant to the Chief Financial Officer', 10, 140, '2001-02-13 00:00:00', '13500.0000', 173),
(104, 'Lolan', 'Song', 'B', 'Production Technician', 7, 74, '2001-02-13 00:00:00', '11000.0000', 77),
(105, 'Paula', 'Nartker', 'R', 'Production Technician', 7, 210, '2001-02-13 00:00:00', '15000.0000', 247),
(106, 'Mary', 'Gibson', 'E', 'Marketing Specialist', 4, 6, '2001-02-13 00:00:00', '14400.0000', 110),
(107, 'Mindaugas', 'Krapauskas', 'J', 'Production Technician', 7, 38, '2001-02-14 00:00:00', '11000.0000', 74),
(108, 'Eric', 'Gubbels', NULL, 'Production Supervisor', 7, 21, '2001-02-15 00:00:00', '25000.0000', 85),
(109, 'Ken', 'Sanchez', 'J', 'Chief Executive Officer', 16, NULL, '2001-02-15 00:00:00', '125500.0000', 177),
(110, 'Jason', 'Watters', 'M', 'Production Technician', 7, 135, '2001-02-15 00:00:00', '9500.0000', 21),
(111, 'Mark', 'Harrington', 'L', 'Quality Assurance Technician', 13, 41, '2001-02-16 00:00:00', '10600.0000', 139),
(112, 'Janeth', 'Esteves', 'M', 'Production Technician', 7, 159, '2001-02-16 00:00:00', '10000.0000', 163),
(113, 'Marc', 'Ingle', 'J', 'Production Technician', 7, 184, '2001-02-17 00:00:00', '9500.0000', 230),
(114, 'Gigi', 'Matthew', 'N', 'Research and Development Engineer', 6, 158, '2001-02-17 00:00:00', '40900.0000', 23),
(115, 'Paul', 'Singh', 'R', 'Production Technician', 7, 108, '2001-02-18 00:00:00', '14000.0000', 16),
(116, 'Frank', 'Lee', 'T', 'Production Technician', 7, 210, '2001-02-18 00:00:00', '15000.0000', 263),
(117, 'Francois', 'Ajenstat', 'P', 'Database Administrator', 11, 42, '2001-02-18 00:00:00', '38500.0000', 127),
(118, 'Diane', 'Tibbott', 'H', 'Production Technician', 7, 14, '2001-02-19 00:00:00', '11000.0000', 140),
(119, 'Jill', 'Williams', 'A', 'Marketing Specialist', 4, 6, '2001-02-19 00:00:00', '14400.0000', 114),
(120, 'Angela', 'Barbariol', 'W', 'Production Technician', 7, 38, '2001-02-21 00:00:00', '11000.0000', 91),
(121, 'Matthias', 'Berndt', 'T', 'Shipping and Receiving Clerk', 15, 85, '2001-02-21 00:00:00', '9500.0000', 201),
(122, 'Bryan', 'Baker', NULL, 'Production Technician', 7, 7, '2001-02-22 00:00:00', '12500.0000', 166),
(123, 'Jeff', 'Hay', 'V', 'Production Supervisor', 7, 21, '2001-02-22 00:00:00', '25000.0000', 113),
(124, 'Eugene', 'Zabokritski', 'R', 'Production Technician', 7, 184, '2001-02-22 00:00:00', '9500.0000', 226),
(125, 'Barbara', 'Decker', 'S', 'Production Technician', 7, 182, '2001-02-23 00:00:00', '14000.0000', 219),
(126, 'Chris', 'Preston', 'T', 'Production Technician', 7, 123, '2001-02-23 00:00:00', '10000.0000', 279),
(127, 'Sean', 'Chai', 'N', 'Document Control Assistant', 12, 90, '2001-02-23 00:00:00', '10300.0000', 138),
(128, 'Dan', 'Wilson', 'B', 'Database Administrator', 11, 42, '2001-02-23 00:00:00', '38500.0000', 30),
(129, 'Mark', 'McArthur', 'K', 'Production Technician', 7, 16, '2001-02-24 00:00:00', '12500.0000', 186),
(130, 'Bryan', 'Walton', 'A', 'Accounts Receivable Specialist', 10, 139, '2001-02-25 00:00:00', '19000.0000', 175),
(131, 'Houman', 'Pournasseh', 'N', 'Production Technician', 7, 74, '2001-02-26 00:00:00', '11000.0000', 185),
(132, 'Sairaj', 'Uddin', 'L', 'Scheduling Assistant', 8, 44, '2001-02-27 00:00:00', '16000.0000', 190),
(133, 'Michiko', 'Osada', 'F', 'Production Technician', 7, 173, '2001-02-27 00:00:00', '9500.0000', 229),
(134, 'Benjamin', 'Martin', 'R', 'Production Technician', 7, 184, '2001-02-28 00:00:00', '9500.0000', 286),
(135, 'Cynthia', 'Randall', 'S', 'Production Supervisor', 7, 21, '2001-02-28 00:00:00', '25000.0000', 147),
(136, 'Kathie', 'Flood', 'E', 'Production Technician', 7, 197, '2001-02-28 00:00:00', '10000.0000', 100),
(137, 'Britta', 'Simon', 'L', 'Production Technician', 7, 16, '2001-03-02 00:00:00', '12500.0000', 95),
(138, 'Brian', 'Lloyd', 'T', 'Production Technician', 7, 210, '2001-03-02 00:00:00', '15000.0000', 288),
(139, 'David', 'Liu', 'J', 'Accounts Manager', 10, 140, '2001-03-03 00:00:00', '34700.0000', 119),
(140, 'Laura', 'Norman', 'F', 'Chief Financial Officer', 16, 109, '2001-03-04 00:00:00', '60100.0000', 215),
(141, 'Michael', 'Patten', 'W', 'Production Technician', 7, 38, '2001-03-04 00:00:00', '11000.0000', 96),
(142, 'Andy', 'Ruth', 'M', 'Production Technician', 7, 135, '2001-03-04 00:00:00', '9500.0000', 1),
(143, 'Yuhong', 'Li', 'L', 'Production Supervisor', 7, 21, '2001-03-05 00:00:00', '25000.0000', 242),
(144, 'Robert', 'Rounthwaite', 'J', 'Production Technician', 7, 159, '2001-03-06 00:00:00', '10000.0000', 280),
(145, 'Andreas', 'Berglund', 'T', 'Quality Assurance Technician', 13, 41, '2001-03-06 00:00:00', '10600.0000', 208),
(146, 'Reed', 'Koch', 'T', 'Production Technician', 7, 184, '2001-03-06 00:00:00', '9500.0000', 191),
(147, 'Linda', 'Randall', 'A', 'Production Technician', 7, 143, '2001-03-07 00:00:00', '14000.0000', 260),
(148, 'James', 'Hamilton', 'R', 'Vice President of Production', 7, 109, '2001-03-07 00:00:00', '84100.0000', 158),
(149, 'Ramesh', 'Meyyappan', 'V', 'Application Specialist', 11, 42, '2001-03-07 00:00:00', '27400.0000', 130),
(150, 'Stephanie', 'Conroy', 'A', 'Network Manager', 11, 42, '2001-03-08 00:00:00', '39700.0000', 136),
(151, 'Samantha', 'Smith', 'H', 'Production Technician', 7, 108, '2001-03-08 00:00:00', '14000.0000', 14),
(152, 'Tawana', 'Nusbaum', 'G', 'Production Technician', 7, 210, '2001-03-09 00:00:00', '15000.0000', 237),
(153, 'Denise', 'Smith', 'H', 'Production Technician', 7, 14, '2001-03-09 00:00:00', '11000.0000', 143),
(154, 'Hao', 'Chen', 'O', 'Human Resources Administrative Assistant', 9, 30, '2001-03-10 00:00:00', '13900.0000', 135),
(155, 'Alex', 'Nayberg', 'M', 'Production Technician', 7, 123, '2001-03-12 00:00:00', '10000.0000', 174),
(156, 'Eugene', 'Kogan', 'O', 'Production Technician', 7, 7, '2001-03-12 00:00:00', '12500.0000', 71),
(157, 'Brandon', 'Heidepriem', 'G', 'Production Technician', 7, 16, '2001-03-12 00:00:00', '12500.0000', 189),
(158, 'Dylan', 'Miller', 'A', 'Research and Development Manager', 6, 3, '2001-03-12 00:00:00', '50500.0000', 141),
(159, 'Shane', 'Kim', 'S', 'Production Supervisor', 7, 21, '2001-03-12 00:00:00', '25000.0000', 20),
(160, 'John', 'Chen', 'Y', 'Production Technician', 7, 182, '2001-03-13 00:00:00', '14000.0000', 65),
(161, 'Karen', 'Berge', 'R', 'Document Control Assistant', 12, 90, '2001-03-13 00:00:00', '10300.0000', 123),
(162, 'Jose', 'Lugo', 'R', 'Production Technician', 7, 16, '2001-03-14 00:00:00', '12500.0000', 271),
(163, 'Mandar', 'Samant', 'H', 'Production Technician', 7, 74, '2001-03-14 00:00:00', '11000.0000', 63),
(164, 'Mikael', 'Sandberg', 'Q', 'Buyer', 5, 274, '2001-03-14 00:00:00', '18300.0000', 50),
(165, 'Sameer', 'Tejani', 'A', 'Production Technician', 7, 74, '2001-03-15 00:00:00', '11000.0000', 66),
(166, 'Dragan', 'Tomic', 'K', 'Accounts Payable Specialist', 10, 139, '2001-03-15 00:00:00', '19000.0000', 115),
(167, 'Carol', 'Philips', 'M', 'Production Technician', 7, 173, '2001-03-16 00:00:00', '9500.0000', 45),
(168, 'Rob', 'Caron', 'T', 'Production Technician', 7, 87, '2001-03-17 00:00:00', '15000.0000', 161),
(169, 'Don', 'Hall', 'L', 'Production Technician', 7, 38, '2001-03-17 00:00:00', '11000.0000', 59),
(170, 'Alan', 'Brewer', 'J', 'Scheduling Assistant', 8, 44, '2001-03-17 00:00:00', '16000.0000', 151),
(171, 'David', 'Lawrence', 'Oliver', 'Production Technician', 7, 184, '2001-03-18 00:00:00', '9500.0000', 167),
(172, 'Baris', 'Cetinok', 'F', 'Production Technician', 7, 87, '2001-03-19 00:00:00', '15000.0000', 244),
(173, 'Michael', 'Ray', 'Sean', 'Production Supervisor', 7, 21, '2001-03-19 00:00:00', '25000.0000', 277),
(174, 'Steve', 'Masters', 'F', 'Production Technician', 7, 18, '2001-03-19 00:00:00', '12500.0000', 252),
(175, 'Suchitra', 'Mohan', 'O', 'Production Technician', 7, 16, '2001-03-20 00:00:00', '12500.0000', 31),
(176, 'Karen', 'Berg', 'A', 'Application Specialist', 11, 42, '2001-03-20 00:00:00', '27400.0000', 132),
(177, 'Terrence', 'Earls', 'W', 'Production Technician', 7, 143, '2001-03-20 00:00:00', '14000.0000', 34),
(178, 'Barbara', 'Moreland', 'C', 'Accountant', 10, 139, '2001-03-22 00:00:00', '26400.0000', 254),
(179, 'Chad', 'Niswonger', 'W', 'Production Technician', 7, 38, '2001-03-22 00:00:00', '11000.0000', 46),
(180, 'Rostislav', 'Shabalin', 'E', 'Production Technician', 7, 135, '2001-03-23 00:00:00', '9500.0000', 9),
(181, 'Belinda', 'Newman', 'M', 'Production Technician', 7, 197, '2001-03-24 00:00:00', '10000.0000', 43),
(182, 'Katie', 'McAskill-White', 'L', 'Production Supervisor', 7, 21, '2001-03-24 00:00:00', '25000.0000', 240),
(183, 'Russell', 'King', 'M', 'Production Technician', 7, 184, '2001-03-25 00:00:00', '9500.0000', 3),
(184, 'Jack', 'Richins', 'S', 'Production Supervisor', 7, 21, '2001-03-25 00:00:00', '25000.0000', 169),
(185, 'Andrew', 'Hill', 'R', 'Production Supervisor', 7, 21, '2001-03-26 00:00:00', '25000.0000', 97),
(186, 'Nicole', 'Holliday', 'B', 'Production Technician', 7, 87, '2001-03-26 00:00:00', '15000.0000', 238),
(187, 'Frank', 'Miller', 'T', 'Production Technician', 7, 14, '2001-03-27 00:00:00', '11000.0000', 289),
(188, 'Peter', 'Connelly', 'I', 'Network Administrator', 11, 150, '2001-03-27 00:00:00', '32500.0000', 137),
(189, 'Anibal', 'Sousa', 'T', 'Production Technician', 7, 108, '2001-03-27 00:00:00', '14000.0000', 183),
(190, 'Ken', 'Myer', 'L', 'Production Technician', 7, 210, '2001-03-28 00:00:00', '15000.0000', 105),
(191, 'Grant', 'Culbertson', 'N', 'Human Resources Administrative Assistant', 9, 30, '2001-03-29 00:00:00', '13900.0000', 117),
(192, 'Michael', 'Entin', 'T', 'Production Technician', 7, 38, '2001-03-29 00:00:00', '11000.0000', 195),
(193, 'Lionel', 'Penuchot', 'C', 'Production Technician', 7, 159, '2001-03-30 00:00:00', '10000.0000', 261),
(194, 'Thomas', 'Michaels', 'R', 'Production Technician', 7, 7, '2001-03-30 00:00:00', '12500.0000', 78),
(195, 'Jimmy', 'Bischoff', 'T', 'Stocker', 15, 85, '2001-03-30 00:00:00', '9000.0000', 206),
(196, 'Michael', 'Vanderhyde', 'T', 'Production Technician', 7, 135, '2001-03-30 00:00:00', '9500.0000', 90),
(197, 'Lori', 'Kane', 'A', 'Production Supervisor', 7, 21, '2001-03-30 00:00:00', '25000.0000', 198),
(198, 'Arvind', 'Rao', 'B', 'Buyer', 5, 274, '2001-04-01 00:00:00', '18300.0000', 212),
(199, 'Stefen', 'Hesse', 'A', 'Production Technician', 7, 182, '2001-04-01 00:00:00', '14000.0000', 68),
(200, 'Hazem', 'Abolrous', 'E', 'Quality Assurance Manager', 13, 148, '2001-04-01 00:00:00', '28800.0000', 148),
(201, 'Janet', 'Sheperdigian', 'L', 'Accounts Payable Specialist', 10, 139, '2001-04-02 00:00:00', '19000.0000', 218),
(202, 'Elizabeth', 'Keyser', 'I', 'Production Technician', 7, 74, '2001-04-03 00:00:00', '11000.0000', 152),
(203, 'Terry', 'Eminhizer', 'J', 'Marketing Specialist', 4, 6, '2001-04-03 00:00:00', '14400.0000', 19),
(204, 'John', 'Frum', 'N', 'Production Technician', 7, 184, '2001-04-04 00:00:00', '9500.0000', 112),
(205, 'Merav', 'Netz', 'A', 'Production Technician', 7, 173, '2001-04-04 00:00:00', '9500.0000', 270),
(206, 'Brian', 'LaMee', 'P', 'Scheduling Assistant', 8, 44, '2001-04-04 00:00:00', '16000.0000', 109),
(207, 'Kitti', 'Lertpiriyasuwat', 'H', 'Production Technician', 7, 38, '2001-04-05 00:00:00', '11000.0000', 272),
(208, 'Jay', 'Adams', 'G', 'Production Technician', 7, 18, '2001-04-06 00:00:00', '12500.0000', 157),
(209, 'Jan', 'Miksovsky', 'S', 'Production Technician', 7, 184, '2001-04-06 00:00:00', '9500.0000', 101),
(210, 'Brenda', 'Diaz', 'M', 'Production Supervisor', 7, 21, '2001-04-06 00:00:00', '25000.0000', 251),
(211, 'Andrew', 'Cencini', 'M', 'Production Technician', 7, 123, '2001-04-07 00:00:00', '10000.0000', 233),
(212, 'Chris', 'Norred', 'K', 'Control Specialist', 12, 90, '2001-04-07 00:00:00', '16800.0000', 125),
(213, 'Chris', 'Okelberry', 'O', 'Production Technician', 7, 16, '2001-04-08 00:00:00', '12500.0000', 188),
(214, 'Shelley', 'Dyck', 'N', 'Production Technician', 7, 143, '2001-04-08 00:00:00', '14000.0000', 164),
(215, 'Gabe', 'Mares', 'B', 'Production Technician', 7, 210, '2001-04-09 00:00:00', '15000.0000', 87),
(216, 'Mike', 'Seamans', 'K', 'Accountant', 10, 139, '2001-04-09 00:00:00', '26400.0000', 120),
(217, 'Michael', 'Raheem', NULL, 'Research and Development Manager', 6, 158, '2001-06-04 00:00:00', '42500.0000', 236),
(218, 'Gary', 'Altman', 'E.', 'Facilities Manager', 14, 148, '2002-01-03 00:00:00', '24000.0000', 203),
(219, 'Charles', 'Fitzgerald', 'B', 'Production Technician', 7, 18, '2002-01-04 00:00:00', '12500.0000', 223),
(220, 'Ebru', 'Ersan', 'N', 'Production Technician', 7, 25, '2002-01-07 00:00:00', '13500.0000', 225),
(221, 'Sylvester', 'Valdez', 'A', 'Production Technician', 7, 108, '2002-01-12 00:00:00', '14000.0000', 25),
(222, 'Brian', 'Goldstein', 'Richard', 'Production Technician', 7, 51, '2002-01-12 00:00:00', '15000.0000', 48),
(223, 'Linda', 'Meisner', 'P', 'Buyer', 5, 274, '2002-01-18 00:00:00', '18300.0000', 28),
(224, 'Betsy', 'Stadick', 'A', 'Production Technician', 7, 64, '2002-01-19 00:00:00', '13500.0000', 47),
(225, 'Magnus', 'Hedlund', 'E', 'Facilities Administrative Assistant', 14, 218, '2002-01-22 00:00:00', '9800.0000', 211),
(226, 'Karan', 'Khanna', 'R', 'Production Technician', 7, 18, '2002-01-23 00:00:00', '12500.0000', 248),
(227, 'Mary', 'Baker', 'R', 'Production Technician', 7, 25, '2002-01-26 00:00:00', '13500.0000', 246),
(228, 'Kevin', 'Homer', 'M', 'Production Technician', 7, 25, '2002-01-26 00:00:00', '13500.0000', 29),
(229, 'Mihail', 'Frintu', 'U', 'Production Technician', 7, 51, '2002-01-30 00:00:00', '15000.0000', 89),
(230, 'Bonnie', 'Kearney', 'N', 'Production Technician', 7, 185, '2002-02-02 00:00:00', '13500.0000', 287),
(231, 'Fukiko', 'Ogisu', 'J', 'Buyer', 5, 274, '2002-02-05 00:00:00', '18300.0000', 17),
(232, 'Hung-Fu', 'Ting', 'T', 'Production Technician', 7, 108, '2002-02-07 00:00:00', '14000.0000', 220),
(233, 'Gordon', 'Hee', 'L', 'Buyer', 5, 274, '2002-02-12 00:00:00', '18300.0000', 15),
(234, 'Kimberly', 'Zimmerman', 'B', 'Production Technician', 7, 64, '2002-02-13 00:00:00', '13500.0000', 266),
(235, 'Kim', 'Abercrombie', 'B', 'Production Technician', 7, 16, '2002-02-17 00:00:00', '12500.0000', 56),
(236, 'Sandeep', 'Kaliyath', 'P', 'Production Technician', 7, 51, '2002-02-18 00:00:00', '15000.0000', 234),
(237, 'Prasanna', 'Samarawickrama', 'E', 'Production Technician', 7, 108, '2002-02-23 00:00:00', '14000.0000', 187),
(238, 'Frank', 'Pellow', 'S', 'Buyer', 5, 274, '2002-02-24 00:00:00', '18300.0000', 213),
(239, 'Min', 'Su', 'G', 'Production Technician', 7, 108, '2002-02-25 00:00:00', '14000.0000', 24),
(240, 'Eric', 'Brown', 'L', 'Production Technician', 7, 51, '2002-02-25 00:00:00', '15000.0000', 67),
(241, 'Eric', 'Kurjan', 'S', 'Buyer', 5, 274, '2002-02-28 00:00:00', '18300.0000', 207),
(242, 'Pat', 'Coleman', 'H', 'Janitor', 14, 49, '2002-02-28 00:00:00', '9300.0000', 116),
(243, 'Maciej', 'Dusza', 'W', 'Production Technician', 7, 18, '2002-03-01 00:00:00', '12500.0000', 83),
(244, 'Erin', 'Hagens', 'M', 'Buyer', 5, 274, '2002-03-03 00:00:00', '18300.0000', 8),
(245, 'Patrick', 'Wedge', 'C', 'Production Technician', 7, 64, '2002-03-04 00:00:00', '13500.0000', 7),
(246, 'Frank', 'Martinez', 'R', 'Production Technician', 7, 51, '2002-03-08 00:00:00', '15000.0000', 290),
(247, 'Ed', 'Dudenhoefer', 'R', 'Production Technician', 7, 16, '2002-03-08 00:00:00', '12500.0000', 243),
(248, 'Christopher', 'Hill', 'E', 'Production Technician', 7, 25, '2002-03-11 00:00:00', '13500.0000', 41),
(249, 'Patrick', 'Cook', 'M', 'Production Technician', 7, 51, '2002-03-15 00:00:00', '15000.0000', 264),
(250, 'Krishna', 'Sunkammurali', NULL, 'Production Technician', 7, 108, '2002-03-16 00:00:00', '14000.0000', 79),
(251, 'Lori', 'Penor', 'K', 'Janitor', 14, 49, '2002-03-19 00:00:00', '9300.0000', 124),
(252, 'Danielle', 'Tiedt', 'C', 'Production Technician', 7, 64, '2002-03-23 00:00:00', '13500.0000', 146),
(253, 'Sootha', 'Charncherngkha', 'T', 'Quality Assurance Technician', 13, 41, '2002-03-26 00:00:00', '10600.0000', 149),
(254, 'Michael', 'Zwilling', 'J', 'Production Technician', 7, 18, '2002-03-26 00:00:00', '12500.0000', 76),
(255, 'Randy', 'Reeves', 'T', 'Production Technician', 7, 18, '2002-03-26 00:00:00', '12500.0000', 84),
(256, 'John', 'Kane', 'T', 'Production Technician', 7, 25, '2002-03-30 00:00:00', '13500.0000', 69),
(257, 'Jack', 'Creasey', 'T', 'Production Technician', 7, 51, '2002-04-03 00:00:00', '15000.0000', 265),
(258, 'Olinda', 'Turner', 'C', 'Production Technician', 7, 108, '2002-04-04 00:00:00', '14000.0000', 33),
(259, 'Stuart', 'Macrae', 'J', 'Janitor', 14, 49, '2002-04-05 00:00:00', '9300.0000', 205),
(260, 'Jo', 'Berry', 'L', 'Janitor', 14, 49, '2002-04-07 00:00:00', '9300.0000', 121),
(261, 'Ben', 'Miller', 'T', 'Buyer', 5, 274, '2002-04-09 00:00:00', '18300.0000', 192),
(262, 'Tom', 'Vande Velde', 'M', 'Production Technician', 7, 64, '2002-04-10 00:00:00', '13500.0000', 98),
(263, 'Ovidiu', 'Cracium', 'V', 'Senior Tool Designer', 2, 3, '2003-01-05 00:00:00', '28800.0000', 145),
(264, 'Annette', 'Hill', 'L', 'Purchasing Assistant', 5, 274, '2003-01-06 00:00:00', '12800.0000', 181),
(265, 'Janice', 'Galvin', 'M', 'Tool Designer', 2, 263, '2003-01-23 00:00:00', '25000.0000', 200),
(266, 'Reinout', 'Hillmann', 'N', 'Purchasing Assistant', 5, 274, '2003-01-25 00:00:00', '12800.0000', 27),
(267, 'Michael', 'Sullivan', 'I', 'Senior Design Engineer', 1, 3, '2003-01-30 00:00:00', '36100.0000', 217),
(268, 'Stephen', 'Jiang', 'Y', 'North American Sales Manager', 3, 273, '2003-02-04 00:00:00', '48100.0000', 196),
(269, 'Wanida', 'Benshoof', 'M', 'Marketing Assistant', 4, 6, '2003-02-07 00:00:00', '13500.0000', 221),
(270, 'Sharon', 'Salavaria', 'B', 'Design Engineer', 1, 3, '2003-02-18 00:00:00', '32700.0000', 216),
(271, 'John', 'Wood', 'L', 'Marketing Specialist', 4, 6, '2003-03-10 00:00:00', '14400.0000', 180),
(272, 'Mary', 'Dempsey', 'A', 'Marketing Assistant', 4, 6, '2003-03-17 00:00:00', '13500.0000', 26),
(273, 'Brian', 'Welcker', 'S', 'Vice President of Sales', 3, 109, '2003-03-18 00:00:00', '72100.0000', 134),
(274, 'Sheela', 'Word', 'H', 'Purchasing Manager', 13, 71, '2003-03-28 00:00:00', '30000.0000', 222),
(275, 'Michael', 'Blythe', 'G', 'Sales Representative', 3, 268, '2003-07-01 00:00:00', '23100.0000', 60),
(276, 'Linda', 'Mitchell', 'C', 'Sales Representative', 3, 268, '2003-07-01 00:00:00', '23100.0000', 170),
(277, 'Jillian', 'Carson', NULL, 'Sales Representative', 3, 268, '2003-07-01 00:00:00', '23100.0000', 61),
(278, 'Garrett', 'Vargas', 'R', 'Sales Representative', 3, 268, '2003-07-01 00:00:00', '23100.0000', 52),
(279, 'Tsvi', 'Reiter', 'Michael', 'Sales Representative', 3, 268, '2003-07-01 00:00:00', '23100.0000', 154),
(280, 'Pamela', 'Ansman-Wolfe', 'O', 'Sales Representative', 3, 268, '2003-07-01 00:00:00', '23100.0000', 179),
(281, 'Shu', 'Ito', 'K', 'Sales Representative', 3, 268, '2003-07-01 00:00:00', '23100.0000', 235),
(282, 'Jose', 'Saraiva', 'Edvaldo', 'Sales Representative', 3, 268, '2003-07-01 00:00:00', '23100.0000', 178),
(283, 'David', 'Campbell', 'R', 'Sales Representative', 3, 268, '2003-07-01 00:00:00', '23100.0000', 13),
(284, 'Amy', 'Alberts', 'E', 'European Sales Manager', 3, 273, '2004-05-18 00:00:00', '48100.0000', 202),
(285, 'Jae', 'Pak', 'B', 'Sales Representative', 3, 284, '2004-07-01 00:00:00', '23100.0000', 54),
(286, 'Ranjit', 'Varkey Chudukatil', 'R', 'Sales Representative', 3, 284, '2004-07-01 00:00:00', '23100.0000', 38),
(287, 'Tete', 'Mensa-Annan', 'A', 'Sales Representative', 3, 268, '2004-11-01 00:00:00', '23100.0000', 53),
(288, 'Syed', 'Abbas', 'E', 'Pacific Sales Manager', 3, 273, '2005-04-15 00:00:00', '48100.0000', 49),
(289, 'Rachel', 'Valdez', 'B', 'Sales Representative', 3, 284, '2005-07-01 00:00:00', '23100.0000', 37),
(290, 'Lynn', 'Tsoflias', 'N', 'Sales Representative', 3, 288, '2005-07-01 00:00:00', '23100.0000', 153),
(291, 'Jeremy', 'Smith', 'Jeremy', 'Independent Software Development  Consultant', 6, NULL, '2005-03-01 00:00:00', '48000.0000', 291),
(292, 'Marta', 'Johanson', NULL, 'Independent .NET Consultant', 6, NULL, '2005-03-01 00:00:00', '48000.0000', 291),
(293, 'Elizabeth', 'Diaz', NULL, 'Independent Java Consultant', 6, NULL, '2005-03-01 00:00:00', '48000.0000', 291);

-- --------------------------------------------------------

--
-- Table structure for table `employeesprojects`
--

CREATE TABLE `employeesprojects` (
  `EmployeeID` int(11) NOT NULL,
  `ProjectID` int(11) NOT NULL
) ENGINE=InnoDB DEFAULT CHARSET=utf8mb4;

--
-- Dumping data for table `employeesprojects`
--

INSERT INTO `employeesprojects` (`EmployeeID`, `ProjectID`) VALUES
(1, 4),
(1, 24),
(1, 38),
(1, 113),
(3, 1),
(3, 21),
(3, 58),
(3, 110),
(4, 25),
(4, 39),
(4, 53),
(4, 105),
(5, 27),
(5, 41),
(5, 55),
(5, 107),
(7, 12),
(7, 32),
(7, 107),
(7, 121),
(8, 2),
(8, 22),
(8, 36),
(8, 111),
(9, 9),
(9, 52),
(9, 104),
(9, 118),
(10, 3),
(10, 23),
(10, 37),
(10, 112),
(11, 10),
(11, 53),
(11, 105),
(11, 119),
(12, 28),
(12, 42),
(12, 56),
(12, 108),
(13, 20),
(13, 34),
(13, 48),
(13, 127),
(14, 19),
(14, 33),
(14, 108),
(14, 122),
(15, 1),
(15, 21),
(15, 35),
(15, 110),
(16, 20),
(16, 34),
(16, 109),
(16, 127),
(17, 20),
(17, 34),
(17, 109),
(17, 127),
(18, 1),
(18, 21),
(18, 35),
(18, 110),
(19, 12),
(19, 32),
(19, 107),
(19, 121),
(20, 19),
(20, 33),
(20, 108),
(20, 122),
(21, 10),
(21, 30),
(21, 105),
(21, 119),
(22, 8),
(22, 28),
(22, 42),
(22, 117),
(23, 9),
(23, 29),
(23, 43),
(23, 118),
(24, 10),
(24, 30),
(24, 44),
(24, 119),
(25, 11),
(25, 31),
(25, 106),
(25, 120),
(26, 5),
(26, 25),
(26, 39),
(26, 114),
(27, 26),
(27, 40),
(27, 115),
(29, 7),
(29, 27),
(29, 41),
(29, 116),
(30, 26),
(30, 78),
(30, 115),
(31, 11),
(31, 31),
(31, 45),
(31, 120),
(32, 12),
(32, 32),
(32, 46),
(32, 121),
(33, 19),
(33, 33),
(33, 47),
(33, 122),
(36, 1),
(36, 21),
(36, 35),
(36, 49),
(37, 2),
(37, 22),
(37, 36),
(37, 50),
(38, 2),
(38, 22),
(38, 36),
(38, 111),
(39, 3),
(39, 23),
(39, 60),
(39, 112),
(40, 4),
(40, 24),
(40, 61),
(40, 113),
(41, 4),
(41, 24),
(41, 38),
(41, 52),
(42, 7),
(42, 27),
(42, 79),
(42, 116),
(43, 26),
(43, 78),
(43, 115),
(44, 9),
(44, 29),
(44, 104),
(44, 118),
(45, 5),
(45, 25),
(45, 77),
(45, 114),
(48, 12),
(48, 55),
(48, 107),
(48, 121),
(49, 8),
(49, 28),
(49, 80),
(49, 117),
(50, 7),
(50, 27),
(50, 79),
(50, 116),
(51, 3),
(51, 23),
(51, 37),
(51, 112),
(52, 49),
(52, 78),
(52, 115),
(53, 7),
(53, 50),
(53, 79),
(53, 116),
(54, 7),
(54, 50),
(54, 79),
(54, 116),
(55, 8),
(55, 28),
(55, 80),
(55, 117),
(56, 9),
(56, 29),
(56, 104),
(56, 118),
(57, 10),
(57, 30),
(57, 105),
(57, 119),
(58, 11),
(58, 31),
(58, 106),
(58, 120),
(60, 8),
(60, 51),
(60, 80),
(60, 117),
(61, 9),
(61, 52),
(61, 104),
(61, 118),
(62, 10),
(62, 53),
(62, 105),
(62, 119),
(63, 11),
(63, 54),
(63, 106),
(63, 120),
(64, 4),
(64, 24),
(64, 38),
(64, 113),
(65, 5),
(65, 48),
(65, 77),
(65, 114),
(66, 1),
(66, 44),
(66, 58),
(66, 110),
(67, 20),
(67, 57),
(67, 109),
(67, 127),
(68, 1),
(68, 21),
(68, 58),
(68, 110),
(69, 2),
(69, 22),
(69, 59),
(69, 111),
(70, 49),
(70, 78),
(70, 115),
(73, 19),
(73, 56),
(73, 108),
(73, 122),
(74, 10),
(74, 30),
(74, 44),
(74, 119),
(75, 11),
(75, 31),
(75, 45),
(75, 120),
(76, 12),
(76, 32),
(76, 46),
(76, 121),
(77, 7),
(77, 27),
(77, 41),
(77, 55),
(78, 19),
(78, 33),
(78, 47),
(78, 122),
(79, 9),
(79, 29),
(79, 43),
(79, 57),
(80, 20),
(80, 34),
(80, 48),
(80, 127),
(81, 1),
(81, 21),
(81, 35),
(81, 49),
(83, 4),
(83, 24),
(83, 38),
(83, 52),
(84, 5),
(84, 25),
(84, 39),
(84, 53),
(86, 9),
(86, 29),
(86, 43),
(86, 57),
(87, 9),
(87, 29),
(87, 43),
(87, 118),
(88, 2),
(88, 22),
(88, 36),
(88, 50),
(89, 3),
(89, 23),
(89, 37),
(89, 51),
(90, 20),
(90, 57),
(90, 109),
(90, 127),
(91, 26),
(91, 40),
(91, 54),
(92, 7),
(92, 27),
(92, 41),
(92, 55),
(93, 8),
(93, 28),
(93, 42),
(93, 56),
(95, 12),
(95, 32),
(95, 46),
(95, 60),
(96, 22),
(96, 36),
(96, 50),
(96, 79),
(97, 21),
(97, 35),
(97, 49),
(97, 78),
(98, 22),
(98, 36),
(98, 50),
(98, 79),
(99, 23),
(99, 37),
(99, 51),
(99, 80),
(100, 24),
(100, 38),
(100, 52),
(100, 104),
(101, 25),
(101, 39),
(101, 53),
(101, 105),
(102, 2),
(102, 45),
(102, 59),
(102, 111),
(103, 5),
(103, 48),
(103, 77),
(103, 114),
(104, 19),
(104, 33),
(104, 47),
(104, 61),
(105, 20),
(105, 34),
(105, 48),
(105, 77),
(107, 11),
(107, 31),
(107, 45),
(107, 59),
(108, 8),
(108, 28),
(108, 42),
(108, 117),
(110, 10),
(110, 30),
(110, 44),
(110, 58),
(111, 26),
(111, 40),
(111, 54),
(112, 1),
(112, 44),
(112, 58),
(112, 110),
(113, 2),
(113, 45),
(113, 59),
(113, 111),
(114, 10),
(114, 30),
(114, 44),
(114, 58),
(115, 3),
(115, 46),
(115, 60),
(115, 112),
(116, 4),
(116, 47),
(116, 61),
(116, 113),
(118, 43),
(118, 57),
(118, 109),
(118, 127),
(120, 42),
(120, 56),
(120, 108),
(120, 122),
(122, 40),
(122, 54),
(122, 106),
(122, 120),
(123, 5),
(123, 25),
(123, 39),
(123, 114),
(124, 37),
(124, 51),
(124, 80),
(124, 117),
(125, 38),
(125, 52),
(125, 104),
(125, 118),
(126, 39),
(126, 53),
(126, 105),
(126, 119),
(127, 19),
(127, 56),
(127, 108),
(127, 122),
(129, 41),
(129, 55),
(129, 107),
(129, 121),
(131, 29),
(131, 43),
(131, 57),
(131, 109),
(132, 21),
(132, 35),
(132, 49),
(132, 78),
(133, 30),
(133, 44),
(133, 58),
(133, 110),
(134, 31),
(134, 45),
(134, 59),
(134, 111),
(135, 7),
(135, 27),
(135, 41),
(135, 116),
(136, 26),
(136, 40),
(136, 54),
(136, 106),
(137, 27),
(137, 41),
(137, 55),
(137, 107),
(138, 28),
(138, 42),
(138, 56),
(138, 108),
(141, 35),
(141, 49),
(141, 78),
(141, 115),
(142, 36),
(142, 50),
(142, 79),
(142, 116),
(143, 26),
(143, 40),
(143, 115),
(144, 32),
(144, 46),
(144, 60),
(144, 112),
(145, 5),
(145, 25),
(145, 39),
(145, 53),
(146, 33),
(146, 47),
(146, 61),
(146, 113),
(147, 34),
(147, 48),
(147, 77),
(147, 114),
(148, 29),
(148, 43),
(148, 57),
(148, 109),
(149, 3),
(149, 46),
(149, 60),
(149, 112),
(151, 49),
(151, 78),
(151, 115),
(152, 7),
(152, 50),
(152, 79),
(152, 116),
(153, 8),
(153, 51),
(153, 80),
(153, 117),
(154, 5),
(154, 25),
(154, 77),
(154, 114),
(155, 9),
(155, 52),
(155, 104),
(155, 118),
(156, 10),
(156, 53),
(156, 105),
(156, 119),
(157, 11),
(157, 54),
(157, 106),
(157, 120),
(158, 12),
(158, 32),
(158, 46),
(158, 60),
(159, 11),
(159, 31),
(159, 45),
(159, 120),
(160, 43),
(160, 57),
(160, 109),
(160, 127),
(161, 12),
(161, 55),
(161, 107),
(161, 121),
(162, 1),
(162, 44),
(162, 58),
(162, 110),
(163, 2),
(163, 45),
(163, 59),
(163, 111),
(165, 40),
(165, 54),
(165, 106),
(165, 120),
(167, 3),
(167, 46),
(167, 60),
(167, 112),
(168, 4),
(168, 47),
(168, 61),
(168, 113),
(169, 5),
(169, 48),
(169, 77),
(169, 114),
(170, 19),
(170, 33),
(170, 47),
(170, 61),
(171, 41),
(171, 55),
(171, 107),
(171, 121),
(172, 42),
(172, 56),
(172, 108),
(172, 122),
(173, 12),
(173, 32),
(173, 46),
(173, 121),
(174, 37),
(174, 51),
(174, 80),
(174, 117),
(175, 38),
(175, 52),
(175, 104),
(175, 118),
(176, 4),
(176, 47),
(176, 61),
(176, 113),
(177, 39),
(177, 53),
(177, 105),
(177, 119),
(179, 34),
(179, 48),
(179, 77),
(179, 114),
(180, 35),
(180, 49),
(180, 78),
(180, 115),
(181, 36),
(181, 50),
(181, 79),
(181, 116),
(182, 1),
(182, 21),
(182, 35),
(182, 49),
(183, 26),
(183, 40),
(183, 54),
(183, 106),
(184, 19),
(184, 33),
(184, 47),
(184, 122),
(185, 20),
(185, 34),
(185, 48),
(185, 127),
(186, 32),
(186, 46),
(186, 60),
(186, 112),
(187, 33),
(187, 47),
(187, 61),
(187, 113),
(189, 27),
(189, 41),
(189, 55),
(189, 107),
(190, 28),
(190, 42),
(190, 56),
(190, 108),
(191, 4),
(191, 24),
(191, 61),
(191, 113),
(192, 29),
(192, 43),
(192, 57),
(192, 109),
(193, 30),
(193, 44),
(193, 58),
(193, 110),
(194, 31),
(194, 45),
(194, 59),
(194, 111),
(196, 22),
(196, 36),
(196, 50),
(196, 79),
(197, 2),
(197, 22),
(197, 36),
(197, 50),
(199, 23),
(199, 37),
(199, 51),
(199, 80),
(200, 3),
(200, 23),
(200, 37),
(200, 51),
(202, 12),
(202, 32),
(202, 46),
(202, 60),
(204, 24),
(204, 38),
(204, 52),
(204, 104),
(205, 25),
(205, 39),
(205, 53),
(205, 105),
(206, 20),
(206, 34),
(206, 48),
(206, 77),
(207, 19),
(207, 33),
(207, 47),
(207, 61),
(208, 20),
(208, 34),
(208, 48),
(208, 77),
(209, 21),
(209, 35),
(209, 49),
(209, 78),
(210, 3),
(210, 23),
(210, 37),
(210, 51),
(211, 4),
(211, 24),
(211, 38),
(211, 52),
(212, 8),
(212, 51),
(212, 80),
(212, 117),
(213, 9),
(213, 29),
(213, 43),
(213, 57),
(214, 10),
(214, 30),
(214, 44),
(214, 58),
(215, 11),
(215, 31),
(215, 45),
(215, 59),
(217, 31),
(217, 45),
(217, 59),
(218, 3),
(218, 23),
(218, 60),
(218, 112),
(219, 53),
(220, 26),
(220, 40),
(220, 54),
(221, 7),
(221, 27),
(221, 41),
(221, 55),
(222, 8),
(222, 42),
(222, 56),
(224, 10),
(224, 44),
(224, 119),
(225, 22),
(225, 59),
(225, 111),
(226, 4),
(226, 24),
(226, 38),
(226, 113),
(227, 114),
(228, 26),
(228, 40),
(228, 115),
(229, 7),
(229, 27),
(229, 41),
(229, 116),
(230, 8),
(230, 42),
(230, 117),
(232, 29),
(232, 43),
(232, 118),
(234, 20),
(234, 34),
(234, 109),
(234, 127),
(235, 1),
(235, 21),
(235, 35),
(235, 110),
(236, 22),
(236, 36),
(236, 111),
(237, 3),
(237, 23),
(237, 37),
(237, 112),
(239, 12),
(239, 32),
(239, 107),
(239, 121),
(240, 108),
(240, 122),
(243, 31),
(243, 106),
(243, 120),
(245, 20),
(245, 57),
(245, 109),
(245, 127),
(246, 1),
(246, 21),
(246, 58),
(246, 110),
(247, 22),
(247, 59),
(247, 111),
(248, 3),
(248, 23),
(248, 60),
(248, 112),
(249, 4),
(249, 24),
(249, 61),
(249, 113),
(250, 77),
(250, 114),
(252, 12),
(252, 55),
(252, 107),
(252, 121),
(253, 8),
(253, 42),
(253, 56),
(254, 26),
(254, 78),
(254, 115),
(255, 7),
(255, 27),
(255, 79),
(255, 116),
(256, 8),
(256, 80),
(256, 117),
(257, 29),
(257, 104),
(257, 118),
(258, 10),
(258, 105),
(258, 119),
(262, 56),
(262, 108),
(262, 122),
(263, 24),
(267, 37),
(267, 80);

-- --------------------------------------------------------

--
-- Table structure for table `projects`
--

CREATE TABLE `projects` (
  `ProjectID` int(11) NOT NULL,
  `Name` varchar(50) NOT NULL,
  `Description` longtext DEFAULT NULL,
  `StartDate` datetime NOT NULL,
  `EndDate` datetime DEFAULT NULL
) ENGINE=InnoDB DEFAULT CHARSET=utf8mb4;

--
-- Dumping data for table `projects`
--

INSERT INTO `projects` (`ProjectID`, `Name`, `Description`, `StartDate`, `EndDate`) VALUES
(1, 'Classic Vest', 'Research, design and development of Classic Vest. Light-weight, wind-resistant, packs to fit into a pocket.', '2003-06-01 00:00:00', NULL),
(2, 'Cycling Cap', 'Research, design and development of Cycling Cap. Traditional style with a flip-up brim; one-size fits all.', '2001-06-01 00:00:00', '2003-06-01 00:00:00'),
(3, 'Full-Finger Gloves', 'Research, design and development of Full-Finger Gloves. Synthetic palm, flexible knuckles, breathable mesh upper. Worn by the AWC team riders.', '2002-06-01 00:00:00', '2003-06-01 00:00:00'),
(4, 'Half-Finger Gloves', 'Research, design and development of Half-Finger Gloves. Full padding, improved finger flex, durable palm, adjustable closure.', '2002-06-01 00:00:00', '2003-06-01 00:00:00'),
(5, 'HL Mountain Frame', 'Research, design and development of HL Mountain Frame. Each frame is hand-crafted in our Bothell facility to the optimum diameter and wall-thickness required of a premium mountain frame. The heat-treated welded aluminum frame has a larger diameter tube that absorbs the bumps.', '2001-06-01 00:00:00', '2003-06-01 00:00:00'),
(6, 'HL Road Frame', 'Research, design and development of HL Road Frame. Our lightest and best quality aluminum frame made from the newest alloy; it is welded and heat-treated for strength. Our innovative design results in maximum comfort and performance.', '1998-05-02 00:00:00', '2003-06-01 00:00:00'),
(7, 'HL Touring Frame', 'Research, design and development of HL Touring Frame. The HL aluminum frame is custom-shaped for both good looks and strength; it will withstand the most rigorous challenges of daily riding. Men\'s version.', '2005-05-16 16:34:00', NULL),
(8, 'LL Mountain Frame', 'Research, design and development of LL Mountain Frame. Our best value utilizing the same, ground-breaking frame technology as the ML aluminum frame.', '2002-11-20 09:57:00', '2003-06-01 00:00:00'),
(9, 'LL Road Frame', 'Research, design and development of LL Road Frame. The LL Frame provides a safe comfortable ride, while offering superior bump absorption in a value-priced aluminum frame.', '2001-06-01 00:00:00', '2003-06-01 00:00:00'),
(10, 'LL Touring Frame', 'Research, design and development of LL Touring Frame. Lightweight butted aluminum frame provides a more upright riding position for a trip around town.  Our ground-breaking design provides optimum comfort.', '2005-05-16 16:34:00', NULL),
(11, 'Long-Sleeve Logo Jersey', 'Research, design and development of Long-Sleeve Logo Jersey. Unisex long-sleeve AWC logo microfiber cycling jersey', '2001-06-01 00:00:00', '2003-06-01 00:00:00'),
(12, 'Men\'s Bib-Shorts', 'Research, design and development of Men\'s Bib-Shorts. Designed for the AWC team with stay-put straps, moisture-control, chamois padding, and leg grippers.', '2002-06-01 00:00:00', '2003-06-01 00:00:00'),
(19, 'Mountain-100', 'Research, design and development of Mountain-100. Top-of-the-line competition mountain bike. Performance-enhancing options include the innovative HL Frame, super-smooth front suspension, and traction for all terrain.', '2001-06-01 00:00:00', '2003-06-01 00:00:00'),
(20, 'Mountain-200', 'Research, design and development of Mountain-200. Serious back-country riding. Perfect for all levels of competition. Uses the same HL Frame as the Mountain-100.', '2002-06-01 00:00:00', '2004-03-11 10:32:00'),
(21, 'Mountain-300', 'Research, design and development of Mountain-300. For true trail addicts.  An extremely durable bike that will go anywhere and keep you in control on challenging terrain - without breaking your budget.', '2002-06-01 00:00:00', '2003-06-01 00:00:00'),
(22, 'Mountain-400-W', 'Research, design and development of Mountain-400-W. This bike delivers a high-level of performance on a budget. It is responsive and maneuverable, and offers peace-of-mind when you decide to go off-road.', '2006-02-22 00:00:00', NULL),
(23, 'Mountain-500', 'Research, design and development of Mountain-500. Suitable for any type of riding, on or off-road. Fits any budget. Smooth-shifting with a comfortable ride.', '2002-11-20 09:57:00', '2003-06-01 00:00:00'),
(24, 'Racing Socks', 'Research, design and development of Racing Socks. Thin, lightweight and durable with cuffs that stay up.', '2005-11-22 00:00:00', NULL),
(25, 'Road-150', 'Research, design and development of Road-150. This bike is ridden by race winners. Developed with the Adventure Works Cycles professional race team, it has a extremely light heat-treated aluminum frame, and steering that allows precision control.', '2001-06-01 00:00:00', '2003-06-01 00:00:00'),
(26, 'Road-250', 'Research, design and development of Road-250. Alluminum-alloy frame provides a light, stiff ride, whether you are racing in the velodrome or on a demanding club ride on country roads.', '2002-06-01 00:00:00', '2003-06-01 00:00:00'),
(27, 'Road-350-W', 'Research, design and development of Road-350-W. Cross-train, race, or just socialize on a sleek, aerodynamic bike designed for a woman.  Advanced seat technology provides comfort all day.', '2003-06-01 00:00:00', NULL),
(28, 'Road-450', 'Research, design and development of Road-450. A true multi-sport bike that offers streamlined riding and a revolutionary design. Aerodynamic design lets you ride with the pros, and the gearing will conquer hilly roads.', '2001-06-01 00:00:00', '2003-06-01 00:00:00'),
(29, 'Road-550-W', 'Research, design and development of Road-550-W. Same technology as all of our Road series bikes, but the frame is sized for a woman.  Perfect all-around bike for road or racing.', '2002-06-01 00:00:00', '2003-06-01 00:00:00'),
(30, 'Road-650', 'Research, design and development of Road-650. Value-priced bike with many features of our top-of-the-line models. Has the same light, stiff frame, and the quick acceleration we\'re famous for.', '2001-06-01 00:00:00', '2003-06-01 00:00:00'),
(31, 'Road-750', 'Research, design and development of Road-750. Entry level adult bike; offers a comfortable ride cross-country or down the block. Quick-release hubs and rims.', '2002-11-20 09:57:00', '2003-06-01 00:00:00'),
(32, 'Short-Sleeve Classic Jersey', 'Research, design and development of Short-Sleeve Classic Jersey. Short sleeve classic breathable jersey with superior moisture control, front zipper, and 3 back pockets.', '2003-06-01 00:00:00', NULL),
(33, 'Sport-100', 'Research, design and development of Sport-100. Universal fit, well-vented, lightweight , snap-on visor.', '2001-06-01 00:00:00', '2003-06-01 00:00:00'),
(34, 'Touring-1000', 'Research, design and development of Touring-1000. Travel in style and comfort. Designed for maximum comfort and safety. Wide gear range takes on all hills. High-tech aluminum alloy construction provides durability without added weight.', '2002-11-20 09:57:00', '2003-06-01 00:00:00'),
(35, 'Touring-2000', 'Research, design and development of Touring-2000. The plush custom saddle keeps you riding all day,  and there\'s plenty of space to add panniers and bike bags to the newly-redesigned carrier.  This bike has stability when fully-loaded.', '2002-11-20 09:57:00', '2003-06-01 00:00:00'),
(36, 'Touring-3000', 'Research, design and development of Touring-3000. All-occasion value bike with our basic comfort and safety features. Offers wider, more stable tires for a ride around town or weekend trip.', '2002-11-20 09:57:00', '2003-06-01 00:00:00'),
(37, 'Women\'s Mountain Shorts', 'Research, design and development of Women\'s Mountain Shorts. Heavy duty, abrasion-resistant shorts feature seamless, lycra inner shorts with anti-bacterial chamois for comfort.', '2003-06-01 00:00:00', NULL),
(38, 'Women\'s Tights', 'Research, design and development of Women\'s Tights. Warm spandex tights for winter riding; seamless chamois construction eliminates pressure points.', '2002-06-01 00:00:00', '2003-06-01 00:00:00'),
(39, 'Mountain-400', 'Research, design and development of Mountain-400. Suitable for any type of off-road trip. Fits any budget.', '2001-06-01 00:00:00', '2003-06-01 00:00:00'),
(40, 'Road-550', 'Research, design and development of Road-550. Same technology as all of our Road series bikes.  Perfect all-around bike for road or racing.', '2002-06-01 00:00:00', '2003-06-01 00:00:00'),
(41, 'Road-350', 'Research, design and development of Road-350. Cross-train, race, or just socialize on a sleek, aerodynamic bike.  Advanced seat technology provides comfort all day.', '2002-11-20 09:57:00', '2003-06-01 00:00:00'),
(42, 'LL Mountain Front Wheel', 'Research, design and development of LL Mountain Front Wheel. Replacement mountain wheel for entry-level rider.', '2002-11-20 09:57:00', '2003-06-01 00:00:00'),
(43, 'Touring Rear Wheel', 'Research, design and development of Touring Rear Wheel. Excellent aerodynamic rims guarantee a smooth ride.', '2005-05-16 16:34:00', NULL),
(44, 'Touring Front Wheel', 'Research, design and development of Touring Front Wheel. Aerodynamic rims for smooth riding.', '2005-05-16 16:34:00', NULL),
(45, 'ML Mountain Front Wheel', 'Research, design and development of ML Mountain Front Wheel. Replacement mountain wheel for the casual to serious rider.', '2002-06-01 00:00:00', '2003-06-01 00:00:00'),
(46, 'HL Mountain Front Wheel', 'Research, design and development of HL Mountain Front Wheel. High-performance mountain replacement wheel.', '2002-06-01 00:00:00', '2003-06-01 00:00:00'),
(47, 'LL Touring Handlebars', 'Research, design and development of LL Touring Handlebars. Unique shape reduces fatigue for entry level riders.', '2005-05-16 16:34:00', NULL),
(48, 'HL Touring Handlebars', 'Research, design and development of HL Touring Handlebars. A light yet stiff aluminum bar for long distance riding.', '2005-05-16 16:34:00', NULL),
(49, 'LL Road Front Wheel', 'Research, design and development of LL Road Front Wheel. Replacement road front wheel for entry-level cyclist.', '2002-06-01 00:00:00', '2003-06-01 00:00:00'),
(50, 'ML Road Front Wheel', 'Research, design and development of ML Road Front Wheel. Sturdy alloy features a quick-release hub.', '2002-06-01 00:00:00', '2003-06-01 00:00:00'),
(51, 'HL Road Front Wheel', 'Research, design and development of HL Road Front Wheel. Strong wheel with double-walled rim.', '2002-06-01 00:00:00', '2003-06-01 00:00:00'),
(52, 'LL Mountain Handlebars', 'Research, design and development of LL Mountain Handlebars. All-purpose bar for on or off-road.', '2002-06-01 00:00:00', '2003-06-01 00:00:00'),
(53, 'Touring Pedal', 'Research, design and development of Touring Pedal. A stable pedal for all-day riding.', '2005-05-16 16:34:00', NULL),
(54, 'ML Mountain Handlebars', 'Research, design and development of ML Mountain Handlebars. Tough aluminum alloy bars for downhill.', '2002-06-01 00:00:00', '2003-06-01 00:00:00'),
(55, 'HL Mountain Handlebars', 'Research, design and development of HL Mountain Handlebars. Flat bar strong enough for the pro circuit.', '2002-06-01 00:00:00', '2003-06-01 00:00:00'),
(56, 'LL Road Handlebars', 'Research, design and development of LL Road Handlebars. Unique shape provides easier reach to the levers.', '2002-06-01 00:00:00', '2003-06-01 00:00:00'),
(57, 'ML Road Handlebars', 'Research, design and development of ML Road Handlebars. Anatomically shaped aluminum tube bar will suit all riders.', '2002-06-01 00:00:00', '2003-06-01 00:00:00'),
(58, 'HL Road Handlebars', 'Research, design and development of HL Road Handlebars. Designed for racers; high-end anatomically shaped bar from aluminum alloy.', '2002-06-01 00:00:00', '2003-06-01 00:00:00'),
(59, 'LL Headset', 'Research, design and development of LL Headset. Threadless headset provides quality at an economical price.', '2002-06-01 00:00:00', '2003-06-01 00:00:00'),
(60, 'ML Headset', 'Research, design and development of ML Headset. Sealed cartridge keeps dirt out.', '2002-06-01 00:00:00', '2003-06-01 00:00:00'),
(61, 'HL Headset', 'Research, design and development of HL Headset. High-quality 1\" threadless headset with a grease port for quick lubrication.', '2002-06-01 00:00:00', '2003-06-01 00:00:00'),
(77, 'ML Road Rear Wheel', 'Research, design and development of ML Road Rear Wheel. Aluminum alloy rim with stainless steel spokes; built for speed.', '2002-06-01 00:00:00', '2003-06-01 00:00:00'),
(78, 'HL Road Rear Wheel', 'Research, design and development of HL Road Rear Wheel. Strong rear wheel with double-walled rim.', '2002-06-01 00:00:00', '2003-06-01 00:00:00'),
(79, 'LL Mountain Seat/Saddle 2', 'Research, design and development of LL Mountain Seat/Saddle 2. Synthetic leather. Features gel for increased comfort.', '2003-06-01 00:00:00', NULL),
(80, 'ML Mountain Seat/Saddle 2', 'Research, design and development of ML Mountain Seat/Saddle 2. Designed to absorb shock.', '2003-06-01 00:00:00', '2004-03-11 10:32:00'),
(104, 'LL Fork', 'Research, design and development of LL Fork. Stout design absorbs shock and offers more precise steering.', '2002-06-01 00:00:00', '2003-06-01 00:00:00'),
(105, 'ML Fork', 'Research, design and development of ML Fork. Composite road fork with an aluminum steerer tube.', '2002-06-01 00:00:00', '2003-06-01 00:00:00'),
(106, 'HL Fork', 'Research, design and development of HL Fork. High-performance carbon road fork with curved legs.', '2002-06-01 00:00:00', '2003-06-01 00:00:00'),
(107, 'Hydration Pack', 'Research, design and development of Hydration Pack. Versatile 70 oz hydration pack offers extra storage, easy-fill access, and a waist belt.', '2003-06-01 00:00:00', NULL),
(108, 'Taillight', 'Research, design and development of Taillight. Affordable light for safe night riding - uses 3 AAA batteries', '2002-06-01 00:00:00', '2003-06-01 00:00:00'),
(109, 'Headlights - Dual-Beam', 'Research, design and development of Headlights - Dual-Beam. Rechargeable dual-beam headlight.', '2002-06-01 00:00:00', '2003-06-01 00:00:00'),
(110, 'Headlights - Weatherproof', 'Research, design and development of Headlights - Weatherproof. Rugged weatherproof headlight.', '2002-06-01 00:00:00', '2003-06-01 00:00:00'),
(111, 'Water Bottle', 'Research, design and development of Water Bottle. AWC logo water bottle - holds 30 oz; leak-proof.', '2003-06-01 00:00:00', NULL),
(112, 'Mountain Bottle Cage', 'Research, design and development of Mountain Bottle Cage. Tough aluminum cage holds bottle securly on tough terrain.', '2003-06-01 00:00:00', NULL),
(113, 'Road Bottle Cage', 'Research, design and development of Road Bottle Cage. Aluminum cage is lighter than our mountain version; perfect for long distance trips.', '2004-02-21 00:00:00', NULL),
(114, 'Patch kit', 'Research, design and development of Patch kit. Includes 8 different size patches, glue and sandpaper.', '2003-06-01 00:00:00', NULL),
(115, 'Cable Lock', 'Research, design and development of Cable Lock. Wraps to fit front and rear tires, carrier and 2 keys included.', '2002-06-01 00:00:00', '2003-06-01 00:00:00'),
(116, 'Minipump', 'Research, design and development of Minipump. Designed for convenience. Fits in your pocket. Aluminum barrel. 160psi rated.', '2002-06-01 00:00:00', '2003-06-01 00:00:00'),
(117, 'Mountain Pump', 'Research, design and development of Mountain Pump. Simple and light-weight. Emergency patches stored in handle.', '2002-06-01 00:00:00', '2003-06-01 00:00:00'),
(118, 'Hitch Rack - 4-Bike', 'Research, design and development of Hitch Rack - 4-Bike. Carries 4 bikes securely; steel construction, fits 2\" receiver hitch.', '2003-06-01 00:00:00', NULL),
(119, 'Bike Wash', 'Research, design and development of Bike Wash. Washes off the toughest road grime; dissolves grease, environmentally safe. 1-liter bottle.', '2005-08-01 00:00:00', NULL),
(120, 'Touring-Panniers', 'Research, design and development of Touring-Panniers. Durable, water-proof nylon construction with easy access. Large enough for weekend trips.', '2002-06-01 00:00:00', '2003-06-01 00:00:00'),
(121, 'Fender Set - Mountain', 'Research, design and development of Fender Set - Mountain. Clip-on fenders fit most mountain bikes.', '2003-06-01 00:00:00', NULL),
(122, 'All-Purpose Bike Stand', 'Research, design and development of All-Purpose Bike Stand. Perfect all-purpose bike stand for working on your bike at home. Quick-adjusting clamps and steel construction.', '2005-09-01 00:00:00', NULL),
(127, 'Rear Derailleur', 'Research, design and development of Rear Derailleur. Wide-link design.', '2003-06-01 00:00:00', NULL);

-- --------------------------------------------------------

--
-- Table structure for table `towns`
--

CREATE TABLE `towns` (
  `TownID` int(11) NOT NULL,
  `Name` varchar(50) NOT NULL
) ENGINE=InnoDB DEFAULT CHARSET=utf8mb4;

--
-- Dumping data for table `towns`
--

INSERT INTO `towns` (`TownID`, `Name`) VALUES
(1, 'Redmond'),
(2, 'Calgary'),
(3, 'Edmonds'),
(4, 'Seattle'),
(5, 'Bellevue'),
(6, 'Issaquah'),
(7, 'Everett'),
(8, 'Bothell'),
(9, 'San Francisco'),
(10, 'Index'),
(11, 'Snohomish'),
(12, 'Monroe'),
(13, 'Renton'),
(14, 'Newport Hills'),
(15, 'Carnation'),
(16, 'Sammamish'),
(17, 'Duvall'),
(18, 'Gold Bar'),
(19, 'Nevada'),
(20, 'Kenmore'),
(21, 'Melbourne'),
(22, 'Kent'),
(23, 'Cambridge'),
(24, 'Minneapolis'),
(25, 'Portland'),
(26, 'Duluth'),
(27, 'Detroit'),
(28, 'Memphis'),
(29, 'Ottawa'),
(30, 'Bordeaux'),
(31, 'Berlin'),
(32, 'Sofia');

-- --------------------------------------------------------

--
-- Table structure for table `users`
--

CREATE TABLE `users` (
  `Id` int(11) NOT NULL,
  `username` varchar(255) DEFAULT NULL,
  `full_name` varchar(255) DEFAULT NULL,
  `password` varchar(255) DEFAULT NULL CHECK (octet_length(`password`) >= 5),
  `last_login_time` datetime DEFAULT NULL
) ENGINE=InnoDB DEFAULT CHARSET=utf8mb4;

--
-- Dumping data for table `users`
--

INSERT INTO `users` (`Id`, `username`, `full_name`, `password`, `last_login_time`) VALUES
(5875, 'guygil0.802968880909466', 'Guy Gilbert', 'guygil', '1998-07-31 00:00:00'),
(5876, 'kevbro0.8721525388510456', 'Kevin Brown', 'kevbro', '1999-02-26 00:00:00'),
(5877, 'robtam0.9518560822604747', 'Roberto Tamburello', 'robtam', '1999-12-12 00:00:00'),
(5878, 'robwal0.14282282548288147', 'Rob Walters', 'robwal', '2000-01-05 00:00:00'),
(5879, 'thid\'h0.8585459113666284', 'Thierry D\'Hers', 'thid\'h', '2000-01-11 00:00:00'),
(5880, 'davbra0.8642611111181426', 'David Bradley', 'davbra', '2000-01-20 00:00:00'),
(5881, 'joldob0.7456678522244727', 'JoLynn Dobney', 'joldob', '2000-01-26 00:00:00'),
(5882, 'rutell0.13555595850158106', 'Ruth Ellerbrock', 'rutell', '2000-02-06 00:00:00'),
(5883, 'gaieri0.440776266568132', 'Gail Erickson', 'gaieri', '2000-02-06 00:00:00'),
(5884, 'barjoh0.7972134880695617', 'Barry Johnson', 'barjoh', '2000-02-07 00:00:00'),
(5885, 'josgol0.6637386713770579', 'Jossef Goldberg', 'josgol', '2000-02-24 00:00:00'),
(5886, 'terduf0.9270529234102489', 'Terri Duffy', 'terduf', '2000-03-03 00:00:00'),
(5887, 'sidhig0.6440486336537159', 'Sidney Higa', 'sidhig', '2000-03-05 00:00:00'),
(5888, 'taymax0.4390844287714776', 'Taylor Maxwell', 'taymax', '2000-03-11 00:00:00'),
(5889, 'jeffor0.2632762736298854', 'Jeffrey Ford', 'jeffor', '2000-03-23 00:00:00'),
(5890, 'jobro0.9991281125686393', 'Jo Brown', 'jobro', '2000-03-30 00:00:00'),
(5891, 'dorhar0.20581177268718534', 'Doris Hartwig', 'dorhar', '2000-04-11 00:00:00'),
(5892, 'johcam0.03167455646365374', 'John Campbell', 'johcam', '2000-04-18 00:00:00'),
(5893, 'diagli0.5409374949903577', 'Diane Glimp', 'diagli', '2000-04-29 00:00:00'),
(5894, 'stesel0.6096638362944721', 'Steven Selikoff', 'stesel', '2001-01-02 00:00:00'),
(5895, 'petkre0.4255067272349323', 'Peter Krebs', 'petkre', '2001-01-02 00:00:00'),
(5896, 'stumun0.2985421580248905', 'Stuart Munson', 'stumun', '2001-01-03 00:00:00'),
(5897, 'greald0.21619063915330045', 'Greg Alderson', 'greald', '2001-01-03 00:00:00'),
(5898, 'davjoh0.18532675242547575', 'David Johnson', 'davjoh', '2001-01-03 00:00:00'),
(5899, 'zhemu0.27806187540112237', 'Zheng Mu', 'zhemu', '2001-01-04 00:00:00'),
(5900, 'ivosal0.8343291504628296', 'Ivo Salmre', 'ivosal', '2001-01-05 00:00:00'),
(5901, 'paukom0.3374601568444261', 'Paul Komosinski', 'paukom', '2001-01-05 00:00:00'),
(5902, 'ashsha0.1843133635672865', 'Ashvini Sharma', 'ashsha', '2001-01-05 00:00:00'),
(5903, 'kenkei0.9091863780367992', 'Kendall Keil', 'kenkei', '2001-01-06 00:00:00'),
(5904, 'paubar0.9929918302157817', 'Paula Barreto de Mattos', 'paubar', '2001-01-07 00:00:00'),
(5905, 'alemcg0.23740004770215606', 'Alejandro McGuel', 'alemcg', '2001-01-07 00:00:00'),
(5906, 'garyou0.20802477859707993', 'Garrett Young', 'garyou', '2001-01-08 00:00:00'),
(5907, 'jiawan0.32792378061257654', 'Jian Shuo Wang', 'jiawan', '2001-01-08 00:00:00'),
(5908, 'suseat0.015544598005287907', 'Susan Eaton', 'suseat', '2001-01-08 00:00:00'),
(5909, 'vamkup0.09395167892235487', 'Vamsi Kuppa', 'vamkup', '2001-01-08 00:00:00'),
(5910, 'alicic0.42312463132955563', 'Alice Ciccu', 'alicic', '2001-01-08 00:00:00'),
(5911, 'simrap0.8337681506143586', 'Simon Rapier', 'simrap', '2001-01-09 00:00:00'),
(5912, 'jinliu0.8994668898167711', 'Jinghao Liu', 'jinliu', '2001-01-09 00:00:00'),
(5913, 'michin0.9960300279744249', 'Michael Hines', 'michin', '2001-01-10 00:00:00'),
(5914, 'yvomck0.28174950115545605', 'Yvonne McKay', 'yvomck', '2001-01-10 00:00:00'),
(5915, 'penwu0.4206574525876506', 'Peng Wu', 'penwu', '2001-01-10 00:00:00'),
(5916, 'jeatre0.2580387902055297', 'Jean Trenary', 'jeatre', '2001-01-12 00:00:00'),
(5917, 'rushun0.028221623998341733', 'Russell Hunter', 'rushun', '2001-01-13 00:00:00'),
(5918, 'a. wri0.36699178010876454', 'A. Scott Wright', 'a. wri', '2001-01-13 00:00:00'),
(5919, 'frenor0.7502940592824426', 'Fred Northup', 'frenor', '2001-01-13 00:00:00'),
(5920, 'sarhar0.6504949868195643', 'Sariya Harnpadoungsataya', 'sarhar', '2001-01-13 00:00:00'),
(5921, 'wiljoh0.0015927869841389237', 'Willis Johnson', 'wiljoh', '2001-01-14 00:00:00'),
(5922, 'juncao0.05647900519564655', 'Jun Cao', 'juncao', '2001-01-15 00:00:00'),
(5923, 'chrkle0.27761669575946096', 'Christian Kleinerman', 'chrkle', '2001-01-15 00:00:00'),
(5924, 'susmet0.21864649394401023', 'Susan Metters', 'susmet', '2001-01-15 00:00:00'),
(5925, 'reud\'s0.2603824131753132', 'Reuben D\'sa', 'reud\'s', '2001-01-16 00:00:00'),
(5926, 'kirkoe0.6459726147781802', 'Kirk Koenigsbauer', 'kirkoe', '2001-01-16 00:00:00'),
(5927, 'davort0.44871586509860667', 'David Ortiz', 'davort', '2001-01-16 00:00:00'),
(5928, 'tenkha0.3056615118921376', 'Tengiz Kharatishvili', 'tenkha', '2001-01-17 00:00:00'),
(5929, 'hanfen0.18215999489851295', 'Hanying Feng', 'hanfen', '2001-01-17 00:00:00'),
(5930, 'kevliu0.9938154695497969', 'Kevin Liu', 'kevliu', '2001-01-18 00:00:00'),
(5931, 'annsta0.42259739378709105', 'Annik Stahl', 'annsta', '2001-01-18 00:00:00'),
(5932, 'surfat0.13154059101970922', 'Suroor Fatima', 'surfat', '2001-01-18 00:00:00'),
(5933, 'debpoe0.38991080447091797', 'Deborah Poe', 'debpoe', '2001-01-19 00:00:00'),
(5934, 'jimsca0.5549322800291071', 'Jim Scardelis', 'jimsca', '2001-01-20 00:00:00'),
(5935, 'carpol0.6049290174664268', 'Carole Poland', 'carpol', '2001-01-20 00:00:00'),
(5936, 'geoli0.35984827797845775', 'George Li', 'geoli', '2001-01-22 00:00:00'),
(5937, 'garyuk0.9844543682266533', 'Gary Yukish', 'garyuk', '2001-01-23 00:00:00'),
(5938, 'cripet0.8427270379315382', 'Cristian Petculescu', 'cripet', '2001-01-23 00:00:00'),
(5939, 'raysam0.2602721157113762', 'Raymond Sam', 'raysam', '2001-01-24 00:00:00'),
(5940, 'janbue0.7731794954959113', 'Janaina Bueno', 'janbue', '2001-01-24 00:00:00'),
(5941, 'bobhoh0.08508116107907254', 'Bob Hohman', 'bobhoh', '2001-01-25 00:00:00'),
(5942, 'shamoh0.10586734964127406', 'Shammi Mohamed', 'shamoh', '2001-01-25 00:00:00'),
(5943, 'linmos0.2740932957027976', 'Linda Moschell', 'linmos', '2001-01-26 00:00:00'),
(5944, 'minmar0.05286446032381101', 'Mindy Martin', 'minmar', '2001-01-26 00:00:00'),
(5945, 'wenkah0.44204244524430714', 'Wendy Kahn', 'wenkah', '2001-01-26 00:00:00'),
(5946, 'kimral0.051618875983747536', 'Kim Ralls', 'kimral', '2001-01-27 00:00:00'),
(5947, 'sanrea0.9319670749194613', 'Sandra Reategui Alayo', 'sanrea', '2001-01-27 00:00:00'),
(5948, 'kokloh0.5049787773797091', 'Kok-Ho Loh', 'kokloh', '2001-01-28 00:00:00'),
(5949, 'douhit0.7289926928738064', 'Douglas Hite', 'douhit', '2001-01-28 00:00:00'),
(5950, 'jamkra0.13002716296354977', 'James Kramer', 'jamkra', '2001-01-28 00:00:00'),
(5951, 'seaale0.46315776692997457', 'Sean Alexander', 'seaale', '2001-01-29 00:00:00'),
(5952, 'nitmir0.9257073764928685', 'Nitin Mirchandani', 'nitmir', '2001-01-29 00:00:00'),
(5953, 'diamar0.23906361240806395', 'Diane Margheim', 'diamar', '2001-01-30 00:00:00'),
(5954, 'reblas0.41819596329535913', 'Rebecca Laszlo', 'reblas', '2001-01-30 00:00:00'),
(5955, 'rajpat0.3737890099862488', 'Rajesh Patel', 'rajpat', '2001-02-01 00:00:00'),
(5956, 'vidlut0.6143571907788117', 'Vidur Luthra', 'vidlut', '2001-02-02 00:00:00'),
(5957, 'joheva0.9504189546689568', 'John Evans', 'joheva', '2001-02-02 00:00:00'),
(5958, 'nanand0.909023231741994', 'Nancy Anderson', 'nanand', '2001-02-03 00:00:00'),
(5959, 'pilack0.6938593254367442', 'Pilar Ackerman', 'pilack', '2001-02-03 00:00:00'),
(5960, 'davyal0.7422269626913843', 'David Yalovsky', 'davyal', '2001-02-03 00:00:00'),
(5961, 'davham0.629556867880334', 'David Hamilton', 'davham', '2001-02-04 00:00:00'),
(5962, 'lauste0.9211034820611621', 'Laura Steele', 'lauste', '2001-02-04 00:00:00'),
(5963, 'marsho0.7168468373984535', 'Margie Shoop', 'marsho', '2001-02-05 00:00:00'),
(5964, 'zaiari0.820923771542426', 'Zainal Arifin', 'zaiari', '2001-02-05 00:00:00'),
(5965, 'lornay0.9540783762504145', 'Lorraine Nay', 'lornay', '2001-02-05 00:00:00'),
(5966, 'fadfak0.30762059735843966', 'Fadi Fakhouri', 'fadfak', '2001-02-05 00:00:00'),
(5967, 'ryacor0.6758678887745998', 'Ryan Cornelsen', 'ryacor', '2001-02-06 00:00:00'),
(5968, 'canspo0.45647768253132487', 'Candy Spoon', 'canspo', '2001-02-07 00:00:00'),
(5969, 'nuayu0.2547847770664699', 'Nuan Yu', 'nuayu', '2001-02-07 00:00:00'),
(5970, 'wilvon0.90449086847202', 'William Vong', 'wilvon', '2001-02-08 00:00:00'),
(5971, 'bjoret0.7581000418943353', 'Bjorn Rettig', 'bjoret', '2001-02-08 00:00:00'),
(5972, 'scogod0.07702763478926163', 'Scott Gode', 'scogod', '2001-02-09 00:00:00'),
(5973, 'microt0.11083807899694711', 'Michael Rothkugel', 'microt', '2001-02-11 00:00:00'),
(5974, 'lansac0.3231075213505957', 'Lane Sacksteder', 'lansac', '2001-02-12 00:00:00'),
(5975, 'petmal0.28302340049578195', 'Pete Male', 'petmal', '2001-02-12 00:00:00'),
(5976, 'danbac0.4457944691607677', 'Dan Bacon', 'danbac', '2001-02-12 00:00:00'),
(5977, 'davbar0.37990217505013774', 'David Barber', 'davbar', '2001-02-13 00:00:00'),
(5978, 'lolson0.5621274985020305', 'Lolan Song', 'lolson', '2001-02-13 00:00:00'),
(5979, 'paunar0.6709309980933843', 'Paula Nartker', 'paunar', '2001-02-13 00:00:00'),
(5980, 'margib0.668272525694475', 'Mary Gibson', 'margib', '2001-02-13 00:00:00'),
(5981, 'minkra0.32856966492586737', 'Mindaugas Krapauskas', 'minkra', '2001-02-14 00:00:00'),
(5982, 'erigub0.6380307782795567', 'Eric Gubbels', 'erigub', '2001-02-15 00:00:00'),
(5983, 'kensan0.20444492735382627', 'Ken Sanchez', 'kensan', '2001-02-15 00:00:00'),
(5984, 'jaswat0.10813233266410635', 'Jason Watters', 'jaswat', '2001-02-15 00:00:00'),
(5985, 'marhar0.9273269119926979', 'Mark Harrington', 'marhar', '2001-02-16 00:00:00'),
(5986, 'janest0.31223759270481544', 'Janeth Esteves', 'janest', '2001-02-16 00:00:00'),
(5987, 'maring0.7792072582796283', 'Marc Ingle', 'maring', '2001-02-17 00:00:00'),
(5988, 'gigmat0.9593235440173405', 'Gigi Matthew', 'gigmat', '2001-02-17 00:00:00'),
(5989, 'pausin0.45899597598146274', 'Paul Singh', 'pausin', '2001-02-18 00:00:00'),
(5990, 'fralee0.41700927858893694', 'Frank Lee', 'fralee', '2001-02-18 00:00:00'),
(5991, 'fraaje0.7080584957339414', 'Francois Ajenstat', 'fraaje', '2001-02-18 00:00:00'),
(5992, 'diatib0.2892646736365414', 'Diane Tibbott', 'diatib', '2001-02-19 00:00:00'),
(5993, 'jilwil0.32214791171452767', 'Jill Williams', 'jilwil', '2001-02-19 00:00:00'),
(5994, 'angbar0.7429455683966592', 'Angela Barbariol', 'angbar', '2001-02-21 00:00:00'),
(5995, 'matber0.7482841375733578', 'Matthias Berndt', 'matber', '2001-02-21 00:00:00'),
(5996, 'brybak0.5125840134104565', 'Bryan Baker', 'brybak', '2001-02-22 00:00:00'),
(5997, 'jefhay0.31806768506585403', 'Jeff Hay', 'jefhay', '2001-02-22 00:00:00'),
(5998, 'eugzab0.05258641583154575', 'Eugene Zabokritski', 'eugzab', '2001-02-22 00:00:00'),
(5999, 'bardec0.3087290546938116', 'Barbara Decker', 'bardec', '2001-02-23 00:00:00'),
(6000, 'chrpre0.38588605670806586', 'Chris Preston', 'chrpre', '2001-02-23 00:00:00'),
(6001, 'seacha0.0032431501925393475', 'Sean Chai', 'seacha', '2001-02-23 00:00:00'),
(6002, 'danwil0.8585576115721442', 'Dan Wilson', 'danwil', '2001-02-23 00:00:00'),
(6003, 'marmca0.2830586380167479', 'Mark McArthur', 'marmca', '2001-02-24 00:00:00'),
(6004, 'brywal0.8396203861009519', 'Bryan Walton', 'brywal', '2001-02-25 00:00:00'),
(6005, 'houpou0.348926047188161', 'Houman Pournasseh', 'houpou', '2001-02-26 00:00:00'),
(6006, 'saiudd0.22576910837159408', 'Sairaj Uddin', 'saiudd', '2001-02-27 00:00:00'),
(6007, 'micosa0.08206743102713249', 'Michiko Osada', 'micosa', '2001-02-27 00:00:00'),
(6008, 'benmar0.7330298607545251', 'Benjamin Martin', 'benmar', '2001-02-28 00:00:00'),
(6009, 'cynran0.4189470414248733', 'Cynthia Randall', 'cynran', '2001-02-28 00:00:00'),
(6010, 'katflo0.8956456555944361', 'Kathie Flood', 'katflo', '2001-02-28 00:00:00'),
(6011, 'brisim0.22138718443120567', 'Britta Simon', 'brisim', '2001-03-02 00:00:00'),
(6012, 'brillo0.419998986106365', 'Brian Lloyd', 'brillo', '2001-03-02 00:00:00'),
(6013, 'davliu0.4358334079718528', 'David Liu', 'davliu', '2001-03-03 00:00:00'),
(6014, 'launor0.9191701122738143', 'Laura Norman', 'launor', '2001-03-04 00:00:00'),
(6015, 'micpat0.28835036818715776', 'Michael Patten', 'micpat', '2001-03-04 00:00:00'),
(6016, 'andrut0.6842415348479911', 'Andy Ruth', 'andrut', '2001-03-04 00:00:00'),
(6017, 'yuhli0.5561566004121272', 'Yuhong Li', 'yuhli', '2001-03-05 00:00:00'),
(6018, 'robrou0.7280584282503076', 'Robert Rounthwaite', 'robrou', '2001-03-06 00:00:00'),
(6019, 'andber0.9718223707488015', 'Andreas Berglund', 'andber', '2001-03-06 00:00:00'),
(6020, 'reekoc0.6749365997267297', 'Reed Koch', 'reekoc', '2001-03-06 00:00:00'),
(6021, 'linran0.4592159171208888', 'Linda Randall', 'linran', '2001-03-07 00:00:00'),
(6022, 'jamham0.2712698171578998', 'James Hamilton', 'jamham', '2001-03-07 00:00:00'),
(6023, 'rammey0.9787013651604777', 'Ramesh Meyyappan', 'rammey', '2001-03-07 00:00:00'),
(6024, 'stecon0.07969740506233405', 'Stephanie Conroy', 'stecon', '2001-03-08 00:00:00'),
(6025, 'samsmi0.46238296056388223', 'Samantha Smith', 'samsmi', '2001-03-08 00:00:00'),
(6026, 'tawnus0.0728226183660539', 'Tawana Nusbaum', 'tawnus', '2001-03-09 00:00:00'),
(6027, 'densmi0.9769642408722679', 'Denise Smith', 'densmi', '2001-03-09 00:00:00'),
(6028, 'haoche0.6663533799968225', 'Hao Chen', 'haoche', '2001-03-10 00:00:00'),
(6029, 'alenay0.40087420810095425', 'Alex Nayberg', 'alenay', '2001-03-12 00:00:00'),
(6030, 'eugkog0.005310931247948605', 'Eugene Kogan', 'eugkog', '2001-03-12 00:00:00'),
(6031, 'brahei0.8239320626705252', 'Brandon Heidepriem', 'brahei', '2001-03-12 00:00:00'),
(6032, 'dylmil0.10372755034242528', 'Dylan Miller', 'dylmil', '2001-03-12 00:00:00'),
(6033, 'shakim0.04684159443419575', 'Shane Kim', 'shakim', '2001-03-12 00:00:00'),
(6034, 'johche0.9230253518773479', 'John Chen', 'johche', '2001-03-13 00:00:00'),
(6035, 'karber0.4746020068177972', 'Karen Berge', 'karber', '2001-03-13 00:00:00'),
(6036, 'joslug0.6039340091905874', 'Jose Lugo', 'joslug', '2001-03-14 00:00:00'),
(6037, 'mansam0.59586405623319', 'Mandar Samant', 'mansam', '2001-03-14 00:00:00'),
(6038, 'miksan0.16751828432783325', 'Mikael Sandberg', 'miksan', '2001-03-14 00:00:00'),
(6039, 'samtej0.049999283673241066', 'Sameer Tejani', 'samtej', '2001-03-15 00:00:00'),
(6040, 'dratom0.7474415961163506', 'Dragan Tomic', 'dratom', '2001-03-15 00:00:00'),
(6041, 'carphi0.5872101602956747', 'Carol Philips', 'carphi', '2001-03-16 00:00:00'),
(6042, 'robcar0.6937260438629669', 'Rob Caron', 'robcar', '2001-03-17 00:00:00'),
(6043, 'donhal0.7069997691614551', 'Don Hall', 'donhal', '2001-03-17 00:00:00'),
(6044, 'alabre0.45382074495202', 'Alan Brewer', 'alabre', '2001-03-17 00:00:00'),
(6045, 'davlaw0.14810444800937964', 'David Lawrence', 'davlaw', '2001-03-18 00:00:00'),
(6046, 'barcet0.3790600359244831', 'Baris Cetinok', 'barcet', '2001-03-19 00:00:00'),
(6047, 'micray0.45098686632792173', 'Michael Ray', 'micray', '2001-03-19 00:00:00'),
(6048, 'stemas0.11775425459980429', 'Steve Masters', 'stemas', '2001-03-19 00:00:00'),
(6049, 'sucmoh0.23581070474890126', 'Suchitra Mohan', 'sucmoh', '2001-03-20 00:00:00'),
(6050, 'karber0.8257907906787384', 'Karen Berg', 'karber', '2001-03-20 00:00:00'),
(6051, 'terear0.4215218698806333', 'Terrence Earls', 'terear', '2001-03-20 00:00:00'),
(6052, 'barmor0.6302370081005962', 'Barbara Moreland', 'barmor', '2001-03-22 00:00:00'),
(6053, 'chanis0.8866194615947264', 'Chad Niswonger', 'chanis', '2001-03-22 00:00:00'),
(6054, 'rossha0.5423863144054881', 'Rostislav Shabalin', 'rossha', '2001-03-23 00:00:00'),
(6055, 'belnew0.05207321797690654', 'Belinda Newman', 'belnew', '2001-03-24 00:00:00'),
(6056, 'katmca0.6332071774017133', 'Katie McAskill-White', 'katmca', '2001-03-24 00:00:00'),
(6057, 'ruskin0.009816263811491676', 'Russell King', 'ruskin', '2001-03-25 00:00:00'),
(6058, 'jacric0.14945981758596358', 'Jack Richins', 'jacric', '2001-03-25 00:00:00'),
(6059, 'andhil0.7178503272289879', 'Andrew Hill', 'andhil', '2001-03-26 00:00:00'),
(6060, 'nichol0.1408722141206937', 'Nicole Holliday', 'nichol', '2001-03-26 00:00:00'),
(6061, 'framil0.5508101196501498', 'Frank Miller', 'framil', '2001-03-27 00:00:00'),
(6062, 'petcon0.33143398662231305', 'Peter Connelly', 'petcon', '2001-03-27 00:00:00'),
(6063, 'anisou0.004739604894760628', 'Anibal Sousa', 'anisou', '2001-03-27 00:00:00'),
(6064, 'kenmye0.029396095340509056', 'Ken Myer', 'kenmye', '2001-03-28 00:00:00'),
(6065, 'gracul0.13276169275190838', 'Grant Culbertson', 'gracul', '2001-03-29 00:00:00'),
(6066, 'micent0.5756202084716597', 'Michael Entin', 'micent', '2001-03-29 00:00:00'),
(6067, 'liopen0.4798159948362187', 'Lionel Penuchot', 'liopen', '2001-03-30 00:00:00'),
(6068, 'thomic0.672219379499759', 'Thomas Michaels', 'thomic', '2001-03-30 00:00:00'),
(6069, 'jimbis0.9216489437237838', 'Jimmy Bischoff', 'jimbis', '2001-03-30 00:00:00'),
(6070, 'micvan0.591586610853287', 'Michael Vanderhyde', 'micvan', '2001-03-30 00:00:00'),
(6071, 'lorkan0.1929862538287288', 'Lori Kane', 'lorkan', '2001-03-30 00:00:00'),
(6072, 'arvrao0.19017146731742796', 'Arvind Rao', 'arvrao', '2001-04-01 00:00:00'),
(6073, 'stehes0.3718986058345983', 'Stefen Hesse', 'stehes', '2001-04-01 00:00:00'),
(6074, 'hazabo0.28897865795435257', 'Hazem Abolrous', 'hazabo', '2001-04-01 00:00:00'),
(6075, 'janshe0.3291975030016131', 'Janet Sheperdigian', 'janshe', '2001-04-02 00:00:00'),
(6076, 'elikey0.7790515718786526', 'Elizabeth Keyser', 'elikey', '2001-04-03 00:00:00'),
(6077, 'teremi0.9076653811220688', 'Terry Eminhizer', 'teremi', '2001-04-03 00:00:00'),
(6078, 'johfru0.20117222070803142', 'John Frum', 'johfru', '2001-04-04 00:00:00'),
(6079, 'mernet0.2828649909075955', 'Merav Netz', 'mernet', '2001-04-04 00:00:00'),
(6080, 'brilam0.8108083231475282', 'Brian LaMee', 'brilam', '2001-04-04 00:00:00'),
(6081, 'kitler0.2054466737484994', 'Kitti Lertpiriyasuwat', 'kitler', '2001-04-05 00:00:00'),
(6082, 'jayada0.5948084300335575', 'Jay Adams', 'jayada', '2001-04-06 00:00:00'),
(6083, 'janmik0.3577021596559343', 'Jan Miksovsky', 'janmik', '2001-04-06 00:00:00'),
(6084, 'bredia0.00408553891264418', 'Brenda Diaz', 'bredia', '2001-04-06 00:00:00'),
(6085, 'andcen0.9473212463290629', 'Andrew Cencini', 'andcen', '2001-04-07 00:00:00'),
(6086, 'chrnor0.7243496456410267', 'Chris Norred', 'chrnor', '2001-04-07 00:00:00'),
(6087, 'chroke0.7797845199515899', 'Chris Okelberry', 'chroke', '2001-04-08 00:00:00'),
(6088, 'shedyc0.7258736935685144', 'Shelley Dyck', 'shedyc', '2001-04-08 00:00:00'),
(6089, 'gabmar0.2900149387214472', 'Gabe Mares', 'gabmar', '2001-04-09 00:00:00'),
(6090, 'miksea0.27245364363533786', 'Mike Seamans', 'miksea', '2001-04-09 00:00:00'),
(6091, 'micrah0.4922234327459926', 'Michael Raheem', 'micrah', '2001-06-04 00:00:00'),
(6092, 'garalt0.6437562635575945', 'Gary Altman', 'garalt', '2002-01-03 00:00:00'),
(6093, 'chafit0.7421110502836398', 'Charles Fitzgerald', 'chafit', '2002-01-04 00:00:00'),
(6094, 'ebrers0.7792864914790602', 'Ebru Ersan', 'ebrers', '2002-01-07 00:00:00'),
(6095, 'sylval0.6700993372780265', 'Sylvester Valdez', 'sylval', '2002-01-12 00:00:00'),
(6096, 'brigol0.012637242686596925', 'Brian Goldstein', 'brigol', '2002-01-12 00:00:00'),
(6097, 'linmei0.0528882323325502', 'Linda Meisner', 'linmei', '2002-01-18 00:00:00'),
(6098, 'betsta0.22652946433660526', 'Betsy Stadick', 'betsta', '2002-01-19 00:00:00'),
(6099, 'maghed0.9739826554190206', 'Magnus Hedlund', 'maghed', '2002-01-22 00:00:00'),
(6100, 'karkha0.1903249148189322', 'Karan Khanna', 'karkha', '2002-01-23 00:00:00'),
(6101, 'marbak0.029676638571244328', 'Mary Baker', 'marbak', '2002-01-26 00:00:00'),
(6102, 'kevhom0.5774084791330699', 'Kevin Homer', 'kevhom', '2002-01-26 00:00:00'),
(6103, 'mihfri0.7980125106852618', 'Mihail Frintu', 'mihfri', '2002-01-30 00:00:00'),
(6104, 'bonkea0.2578371467607442', 'Bonnie Kearney', 'bonkea', '2002-02-02 00:00:00'),
(6105, 'fukogi0.8951482324815805', 'Fukiko Ogisu', 'fukogi', '2002-02-05 00:00:00'),
(6106, 'huntin0.7022297528593147', 'Hung-Fu Ting', 'huntin', '2002-02-07 00:00:00'),
(6107, 'gorhee0.825704097585477', 'Gordon Hee', 'gorhee', '2002-02-12 00:00:00'),
(6108, 'kimzim0.0218312600830861', 'Kimberly Zimmerman', 'kimzim', '2002-02-13 00:00:00'),
(6109, 'kimabe0.6320440383926444', 'Kim Abercrombie', 'kimabe', '2002-02-17 00:00:00'),
(6110, 'sankal0.09472644244760875', 'Sandeep Kaliyath', 'sankal', '2002-02-18 00:00:00'),
(6111, 'prasam0.5775001277937555', 'Prasanna Samarawickrama', 'prasam', '2002-02-23 00:00:00'),
(6112, 'frapel0.6033213423595962', 'Frank Pellow', 'frapel', '2002-02-24 00:00:00'),
(6113, 'minsu0.28410635915035976', 'Min Su', 'minsu', '2002-02-25 00:00:00'),
(6114, 'eribro0.610567799406655', 'Eric Brown', 'eribro', '2002-02-25 00:00:00'),
(6115, 'erikur0.2005199503158405', 'Eric Kurjan', 'erikur', '2002-02-28 00:00:00'),
(6116, 'patcol0.17089638409288263', 'Pat Coleman', 'patcol', '2002-02-28 00:00:00'),
(6117, 'macdus0.2529221002505367', 'Maciej Dusza', 'macdus', '2002-03-01 00:00:00'),
(6118, 'erihag0.7519213797076805', 'Erin Hagens', 'erihag', '2002-03-03 00:00:00'),
(6119, 'patwed0.0008406285204371703', 'Patrick Wedge', 'patwed', '2002-03-04 00:00:00'),
(6120, 'framar0.7484390342127896', 'Frank Martinez', 'framar', '2002-03-08 00:00:00'),
(6121, 'eddud0.7396733162362811', 'Ed Dudenhoefer', 'eddud', '2002-03-08 00:00:00'),
(6122, 'chrhil0.453049509276682', 'Christopher Hill', 'chrhil', '2002-03-11 00:00:00'),
(6123, 'patcoo0.04622762840821187', 'Patrick Cook', 'patcoo', '2002-03-15 00:00:00'),
(6124, 'krisun0.8719896449446581', 'Krishna Sunkammurali', 'krisun', '2002-03-16 00:00:00'),
(6125, 'lorpen0.22126537023230025', 'Lori Penor', 'lorpen', '2002-03-19 00:00:00'),
(6126, 'dantie0.4903579470611717', 'Danielle Tiedt', 'dantie', '2002-03-23 00:00:00'),
(6127, 'soocha0.7879936553426028', 'Sootha Charncherngkha', 'soocha', '2002-03-26 00:00:00'),
(6128, 'miczwi0.4688944662631438', 'Michael Zwilling', 'miczwi', '2002-03-26 00:00:00'),
(6129, 'ranree0.9804913960215556', 'Randy Reeves', 'ranree', '2002-03-26 00:00:00'),
(6130, 'johkan0.4957736120519914', 'John Kane', 'johkan', '2002-03-30 00:00:00'),
(6131, 'jaccre0.5373939029289353', 'Jack Creasey', 'jaccre', '2002-04-03 00:00:00'),
(6132, 'olitur0.1996487092223472', 'Olinda Turner', 'olitur', '2002-04-04 00:00:00'),
(6133, 'stumac0.3860618680585752', 'Stuart Macrae', 'stumac', '2002-04-05 00:00:00'),
(6134, 'jober0.33136324335947936', 'Jo Berry', 'jober', '2002-04-07 00:00:00'),
(6135, 'benmil0.49863064335531615', 'Ben Miller', 'benmil', '2002-04-09 00:00:00'),
(6136, 'tomvan0.4990635174317877', 'Tom Vande Velde', 'tomvan', '2002-04-10 00:00:00'),
(6137, 'ovicra0.999425687826635', 'Ovidiu Cracium', 'ovicra', '2003-01-05 00:00:00'),
(6138, 'annhil0.499937917571457', 'Annette Hill', 'annhil', '2003-01-06 00:00:00'),
(6139, 'jangal0.501412555111025', 'Janice Galvin', 'jangal', '2003-01-23 00:00:00'),
(6140, 'reihil0.007249053574399141', 'Reinout Hillmann', 'reihil', '2003-01-25 00:00:00'),
(6141, 'micsul0.5320076332725655', 'Michael Sullivan', 'micsul', '2003-01-30 00:00:00'),
(6142, 'stejia0.6382910363732753', 'Stephen Jiang', 'stejia', '2003-02-04 00:00:00'),
(6143, 'wanben0.5954323127823251', 'Wanida Benshoof', 'wanben', '2003-02-07 00:00:00'),
(6144, 'shasal0.0622884855254446', 'Sharon Salavaria', 'shasal', '2003-02-18 00:00:00'),
(6145, 'johwoo0.5251455200138926', 'John Wood', 'johwoo', '2003-03-10 00:00:00'),
(6146, 'mardem0.43886217422677404', 'Mary Dempsey', 'mardem', '2003-03-17 00:00:00'),
(6147, 'briwel0.6188743418258376', 'Brian Welcker', 'briwel', '2003-03-18 00:00:00'),
(6148, 'shewor0.7777852171825107', 'Sheela Word', 'shewor', '2003-03-28 00:00:00'),
(6149, 'micbly0.032303091168685905', 'Michael Blythe', 'micbly', '2003-07-01 00:00:00'),
(6150, 'linmit0.8281598350295423', 'Linda Mitchell', 'linmit', '2003-07-01 00:00:00'),
(6151, 'jilcar0.04388993237529875', 'Jillian Carson', 'jilcar', '2003-07-01 00:00:00'),
(6152, 'garvar0.7349701875215119', 'Garrett Vargas', 'garvar', '2003-07-01 00:00:00'),
(6153, 'tsvrei0.5431811712153081', 'Tsvi Reiter', 'tsvrei', '2003-07-01 00:00:00'),
(6154, 'pamans0.5109953242456496', 'Pamela Ansman-Wolfe', 'pamans', '2003-07-01 00:00:00'),
(6155, 'shuito0.9254331383159693', 'Shu Ito', 'shuito', '2003-07-01 00:00:00'),
(6156, 'jossar0.0941797495765423', 'Jose Saraiva', 'jossar', '2003-07-01 00:00:00'),
(6157, 'davcam0.6945993636684487', 'David Campbell', 'davcam', '2003-07-01 00:00:00'),
(6158, 'amyalb0.19045760034626127', 'Amy Alberts', 'amyalb', '2004-05-18 00:00:00'),
(6159, 'jaepak0.8684899414596055', 'Jae Pak', 'jaepak', '2004-07-01 00:00:00'),
(6160, 'ranvar0.7710769369928883', 'Ranjit Varkey Chudukatil', 'ranvar', '2004-07-01 00:00:00'),
(6161, 'tetmen0.24991489131927014', 'Tete Mensa-Annan', 'tetmen', '2004-11-01 00:00:00'),
(6162, 'syeabb0.9363436763513309', 'Syed Abbas', 'syeabb', '2005-04-15 00:00:00'),
(6163, 'racval0.9319737385324889', 'Rachel Valdez', 'racval', '2005-07-01 00:00:00'),
(6164, 'lyntso0.850837694342097', 'Lynn Tsoflias', 'lyntso', '2005-07-01 00:00:00'),
(6165, 'jersmi0.4582672868466631', 'Jeremy Smith', 'jersmi', '2005-03-01 00:00:00'),
(6166, 'marjoh0.7388233819406698', 'Marta Johanson', 'marjoh', '2005-03-01 00:00:00'),
(6167, 'elidia0.31931507989700425', 'Elizabeth Diaz', 'elidia', '2005-03-01 00:00:00'),
(6386, 'guygil0.5177687579000078', 'Guy Gilbert', 'guygil', '1998-07-31 00:00:00'),
(6387, 'kevbro0.5973058013220371', 'Kevin Brown', 'kevbro', '1999-02-26 00:00:00'),
(6388, 'robtam0.4332227636438075', 'Roberto Tamburello', 'robtam', '1999-12-12 00:00:00'),
(6389, 'robwal0.37419644498657106', 'Rob Walters', 'robwal', '2000-01-05 00:00:00'),
(6390, 'thid\'h0.5713139647350777', 'Thierry D\'Hers', 'thid\'h', '2000-01-11 00:00:00'),
(6391, 'davbra0.7339805194493202', 'David Bradley', 'davbra', '2000-01-20 00:00:00'),
(6392, 'joldob0.9559607337750129', 'JoLynn Dobney', 'joldob', '2000-01-26 00:00:00'),
(6393, 'rutell0.5778621412607489', 'Ruth Ellerbrock', 'rutell', '2000-02-06 00:00:00'),
(6394, 'gaieri0.02142853571235066', 'Gail Erickson', 'gaieri', '2000-02-06 00:00:00'),
(6395, 'barjoh0.3735562855131517', 'Barry Johnson', 'barjoh', '2000-02-07 00:00:00'),
(6396, 'josgol0.8034958511623516', 'Jossef Goldberg', 'josgol', '2000-02-24 00:00:00'),
(6397, 'terduf0.8968104300059475', 'Terri Duffy', 'terduf', '2000-03-03 00:00:00'),
(6398, 'sidhig0.07356462727632805', 'Sidney Higa', 'sidhig', '2000-03-05 00:00:00'),
(6399, 'taymax0.6773918770974426', 'Taylor Maxwell', 'taymax', '2000-03-11 00:00:00'),
(6400, 'jeffor0.16626553439187403', 'Jeffrey Ford', 'jeffor', '2000-03-23 00:00:00'),
(6401, 'jobro0.7991520714006871', 'Jo Brown', 'jobro', '2000-03-30 00:00:00'),
(6402, 'dorhar0.4969637845614588', 'Doris Hartwig', 'dorhar', '2000-04-11 00:00:00'),
(6403, 'johcam0.08736273933887737', 'John Campbell', 'johcam', '2000-04-18 00:00:00'),
(6404, 'diagli0.9459223737436555', 'Diane Glimp', 'diagli', '2000-04-29 00:00:00'),
(6405, 'stesel0.46752368143529044', 'Steven Selikoff', 'stesel', '2001-01-02 00:00:00'),
(6406, 'petkre0.49985131667913063', 'Peter Krebs', 'petkre', '2001-01-02 00:00:00'),
(6407, 'stumun0.09668556982342673', 'Stuart Munson', 'stumun', '2001-01-03 00:00:00'),
(6408, 'greald0.9838739298133868', 'Greg Alderson', 'greald', '2001-01-03 00:00:00'),
(6409, 'davjoh0.6293129703302989', 'David Johnson', 'davjoh', '2001-01-03 00:00:00'),
(6410, 'zhemu0.19494309294497883', 'Zheng Mu', 'zhemu', '2001-01-04 00:00:00'),
(6411, 'ivosal0.08677658446764255', 'Ivo Salmre', 'ivosal', '2001-01-05 00:00:00'),
(6412, 'paukom0.8490536742369212', 'Paul Komosinski', 'paukom', '2001-01-05 00:00:00'),
(6413, 'ashsha0.9849386485153238', 'Ashvini Sharma', 'ashsha', '2001-01-05 00:00:00'),
(6414, 'kenkei0.3775322505995', 'Kendall Keil', 'kenkei', '2001-01-06 00:00:00'),
(6415, 'paubar0.9328453381851738', 'Paula Barreto de Mattos', 'paubar', '2001-01-07 00:00:00'),
(6416, 'alemcg0.5316299698610137', 'Alejandro McGuel', 'alemcg', '2001-01-07 00:00:00'),
(6417, 'garyou0.8596138654831926', 'Garrett Young', 'garyou', '2001-01-08 00:00:00'),
(6418, 'jiawan0.7031794485665667', 'Jian Shuo Wang', 'jiawan', '2001-01-08 00:00:00'),
(6419, 'suseat0.9370556771169004', 'Susan Eaton', 'suseat', '2001-01-08 00:00:00'),
(6420, 'vamkup0.575740070618447', 'Vamsi Kuppa', 'vamkup', '2001-01-08 00:00:00'),
(6421, 'alicic0.06753335247517876', 'Alice Ciccu', 'alicic', '2001-01-08 00:00:00'),
(6422, 'simrap0.6104465812541978', 'Simon Rapier', 'simrap', '2001-01-09 00:00:00'),
(6423, 'jinliu0.8496328795790978', 'Jinghao Liu', 'jinliu', '2001-01-09 00:00:00'),
(6424, 'michin0.4168246848665408', 'Michael Hines', 'michin', '2001-01-10 00:00:00'),
(6425, 'yvomck0.5352248163290553', 'Yvonne McKay', 'yvomck', '2001-01-10 00:00:00'),
(6426, 'penwu0.42565005777929915', 'Peng Wu', 'penwu', '2001-01-10 00:00:00'),
(6427, 'jeatre0.5225758706429748', 'Jean Trenary', 'jeatre', '2001-01-12 00:00:00'),
(6428, 'rushun0.3359292106106218', 'Russell Hunter', 'rushun', '2001-01-13 00:00:00'),
(6429, 'a. wri0.11191847185782947', 'A. Scott Wright', 'a. wri', '2001-01-13 00:00:00'),
(6430, 'frenor0.5518047581909269', 'Fred Northup', 'frenor', '2001-01-13 00:00:00'),
(6431, 'sarhar0.42326840611479094', 'Sariya Harnpadoungsataya', 'sarhar', '2001-01-13 00:00:00'),
(6432, 'wiljoh0.4609277867348192', 'Willis Johnson', 'wiljoh', '2001-01-14 00:00:00'),
(6433, 'juncao0.03483374606336816', 'Jun Cao', 'juncao', '2001-01-15 00:00:00'),
(6434, 'chrkle0.7913854008460282', 'Christian Kleinerman', 'chrkle', '2001-01-15 00:00:00'),
(6435, 'susmet0.8524257967736812', 'Susan Metters', 'susmet', '2001-01-15 00:00:00'),
(6436, 'reud\'s0.8879728120639667', 'Reuben D\'sa', 'reud\'s', '2001-01-16 00:00:00'),
(6437, 'kirkoe0.8825867007324348', 'Kirk Koenigsbauer', 'kirkoe', '2001-01-16 00:00:00'),
(6438, 'davort0.749015098203919', 'David Ortiz', 'davort', '2001-01-16 00:00:00'),
(6439, 'tenkha0.09731541955593546', 'Tengiz Kharatishvili', 'tenkha', '2001-01-17 00:00:00'),
(6440, 'hanfen0.23953183390156538', 'Hanying Feng', 'hanfen', '2001-01-17 00:00:00'),
(6441, 'kevliu0.9057129415736654', 'Kevin Liu', 'kevliu', '2001-01-18 00:00:00'),
(6442, 'annsta0.809969236897276', 'Annik Stahl', 'annsta', '2001-01-18 00:00:00'),
(6443, 'surfat0.33270739049902875', 'Suroor Fatima', 'surfat', '2001-01-18 00:00:00'),
(6444, 'debpoe0.2336292725369607', 'Deborah Poe', 'debpoe', '2001-01-19 00:00:00'),
(6445, 'jimsca0.17002422192136218', 'Jim Scardelis', 'jimsca', '2001-01-20 00:00:00'),
(6446, 'carpol0.14923332272957388', 'Carole Poland', 'carpol', '2001-01-20 00:00:00'),
(6447, 'geoli0.23609397861742784', 'George Li', 'geoli', '2001-01-22 00:00:00'),
(6448, 'garyuk0.7327699556320626', 'Gary Yukish', 'garyuk', '2001-01-23 00:00:00'),
(6449, 'cripet0.9555678730416743', 'Cristian Petculescu', 'cripet', '2001-01-23 00:00:00'),
(6450, 'raysam0.5795295290458291', 'Raymond Sam', 'raysam', '2001-01-24 00:00:00'),
(6451, 'janbue0.030944056837767416', 'Janaina Bueno', 'janbue', '2001-01-24 00:00:00'),
(6452, 'bobhoh0.41613172778499474', 'Bob Hohman', 'bobhoh', '2001-01-25 00:00:00'),
(6453, 'shamoh0.9878264991453164', 'Shammi Mohamed', 'shamoh', '2001-01-25 00:00:00'),
(6454, 'linmos0.6907373431052429', 'Linda Moschell', 'linmos', '2001-01-26 00:00:00'),
(6455, 'minmar0.49020724882391026', 'Mindy Martin', 'minmar', '2001-01-26 00:00:00'),
(6456, 'wenkah0.3788242455374675', 'Wendy Kahn', 'wenkah', '2001-01-26 00:00:00'),
(6457, 'kimral0.4234995119492519', 'Kim Ralls', 'kimral', '2001-01-27 00:00:00'),
(6458, 'sanrea0.9810248538675018', 'Sandra Reategui Alayo', 'sanrea', '2001-01-27 00:00:00'),
(6459, 'kokloh0.6346257642233984', 'Kok-Ho Loh', 'kokloh', '2001-01-28 00:00:00'),
(6460, 'douhit0.23005429024813165', 'Douglas Hite', 'douhit', '2001-01-28 00:00:00'),
(6461, 'jamkra0.24639418930410797', 'James Kramer', 'jamkra', '2001-01-28 00:00:00'),
(6462, 'seaale0.5418081065097899', 'Sean Alexander', 'seaale', '2001-01-29 00:00:00'),
(6463, 'nitmir0.9698579953702707', 'Nitin Mirchandani', 'nitmir', '2001-01-29 00:00:00'),
(6464, 'diamar0.22386568805562862', 'Diane Margheim', 'diamar', '2001-01-30 00:00:00'),
(6465, 'reblas0.20975448490097606', 'Rebecca Laszlo', 'reblas', '2001-01-30 00:00:00'),
(6466, 'rajpat0.3771753910716394', 'Rajesh Patel', 'rajpat', '2001-02-01 00:00:00'),
(6467, 'vidlut0.2566135313889138', 'Vidur Luthra', 'vidlut', '2001-02-02 00:00:00'),
(6468, 'joheva0.1515415144632957', 'John Evans', 'joheva', '2001-02-02 00:00:00'),
(6469, 'nanand0.9878670088833822', 'Nancy Anderson', 'nanand', '2001-02-03 00:00:00'),
(6470, 'pilack0.48471053176066886', 'Pilar Ackerman', 'pilack', '2001-02-03 00:00:00'),
(6471, 'davyal0.45995166288684275', 'David Yalovsky', 'davyal', '2001-02-03 00:00:00'),
(6472, 'davham0.8456267498858522', 'David Hamilton', 'davham', '2001-02-04 00:00:00'),
(6473, 'lauste0.8482787915023777', 'Laura Steele', 'lauste', '2001-02-04 00:00:00'),
(6474, 'marsho0.7045137385879772', 'Margie Shoop', 'marsho', '2001-02-05 00:00:00'),
(6475, 'zaiari0.9777323491663973', 'Zainal Arifin', 'zaiari', '2001-02-05 00:00:00'),
(6476, 'lornay0.7751205608017003', 'Lorraine Nay', 'lornay', '2001-02-05 00:00:00'),
(6477, 'fadfak0.9424057872429544', 'Fadi Fakhouri', 'fadfak', '2001-02-05 00:00:00'),
(6478, 'ryacor0.38666728454331617', 'Ryan Cornelsen', 'ryacor', '2001-02-06 00:00:00'),
(6479, 'canspo0.10611909172136252', 'Candy Spoon', 'canspo', '2001-02-07 00:00:00'),
(6480, 'nuayu0.37059363571050913', 'Nuan Yu', 'nuayu', '2001-02-07 00:00:00'),
(6481, 'wilvon0.5346109341221033', 'William Vong', 'wilvon', '2001-02-08 00:00:00'),
(6482, 'bjoret0.5612737942126336', 'Bjorn Rettig', 'bjoret', '2001-02-08 00:00:00'),
(6483, 'scogod0.20253619943050313', 'Scott Gode', 'scogod', '2001-02-09 00:00:00'),
(6484, 'microt0.32885964524826', 'Michael Rothkugel', 'microt', '2001-02-11 00:00:00'),
(6485, 'lansac0.036689658683435676', 'Lane Sacksteder', 'lansac', '2001-02-12 00:00:00'),
(6486, 'petmal0.19686938840604332', 'Pete Male', 'petmal', '2001-02-12 00:00:00'),
(6487, 'danbac0.8742779967135544', 'Dan Bacon', 'danbac', '2001-02-12 00:00:00'),
(6488, 'davbar0.7807818490832875', 'David Barber', 'davbar', '2001-02-13 00:00:00'),
(6489, 'lolson0.28107528600941906', 'Lolan Song', 'lolson', '2001-02-13 00:00:00'),
(6490, 'paunar0.06303091353087771', 'Paula Nartker', 'paunar', '2001-02-13 00:00:00'),
(6491, 'margib0.4719287403597764', 'Mary Gibson', 'margib', '2001-02-13 00:00:00'),
(6492, 'minkra0.17055099193989393', 'Mindaugas Krapauskas', 'minkra', '2001-02-14 00:00:00'),
(6493, 'erigub0.4369687693537853', 'Eric Gubbels', 'erigub', '2001-02-15 00:00:00'),
(6494, 'kensan0.67319090168289', 'Ken Sanchez', 'kensan', '2001-02-15 00:00:00'),
(6495, 'jaswat0.055048231086738626', 'Jason Watters', 'jaswat', '2001-02-15 00:00:00'),
(6496, 'marhar0.2556684811186683', 'Mark Harrington', 'marhar', '2001-02-16 00:00:00'),
(6497, 'janest0.11319774306677072', 'Janeth Esteves', 'janest', '2001-02-16 00:00:00'),
(6498, 'maring0.7989833027114936', 'Marc Ingle', 'maring', '2001-02-17 00:00:00'),
(6499, 'gigmat0.6553233150908009', 'Gigi Matthew', 'gigmat', '2001-02-17 00:00:00'),
(6500, 'pausin0.8796666980531688', 'Paul Singh', 'pausin', '2001-02-18 00:00:00'),
(6501, 'fralee0.4323635757270861', 'Frank Lee', 'fralee', '2001-02-18 00:00:00'),
(6502, 'fraaje0.5228178152095693', 'Francois Ajenstat', 'fraaje', '2001-02-18 00:00:00'),
(6503, 'diatib0.3169983796002328', 'Diane Tibbott', 'diatib', '2001-02-19 00:00:00'),
(6504, 'jilwil0.01653848310610138', 'Jill Williams', 'jilwil', '2001-02-19 00:00:00'),
(6505, 'angbar0.13169730746345343', 'Angela Barbariol', 'angbar', '2001-02-21 00:00:00'),
(6506, 'matber0.608871118732608', 'Matthias Berndt', 'matber', '2001-02-21 00:00:00'),
(6507, 'brybak0.6492637020063249', 'Bryan Baker', 'brybak', '2001-02-22 00:00:00'),
(6508, 'jefhay0.41970518456744516', 'Jeff Hay', 'jefhay', '2001-02-22 00:00:00'),
(6509, 'eugzab0.1507348475518961', 'Eugene Zabokritski', 'eugzab', '2001-02-22 00:00:00'),
(6510, 'bardec0.49455871479079005', 'Barbara Decker', 'bardec', '2001-02-23 00:00:00'),
(6511, 'chrpre0.020589062031907086', 'Chris Preston', 'chrpre', '2001-02-23 00:00:00'),
(6512, 'seacha0.6192691965208103', 'Sean Chai', 'seacha', '2001-02-23 00:00:00'),
(6513, 'danwil0.034578827241974724', 'Dan Wilson', 'danwil', '2001-02-23 00:00:00'),
(6514, 'marmca0.31508657738108803', 'Mark McArthur', 'marmca', '2001-02-24 00:00:00'),
(6515, 'brywal0.47169643591316085', 'Bryan Walton', 'brywal', '2001-02-25 00:00:00'),
(6516, 'houpou0.41322247815618524', 'Houman Pournasseh', 'houpou', '2001-02-26 00:00:00'),
(6517, 'saiudd0.6510231137750886', 'Sairaj Uddin', 'saiudd', '2001-02-27 00:00:00'),
(6518, 'micosa0.015448165140532112', 'Michiko Osada', 'micosa', '2001-02-27 00:00:00'),
(6519, 'benmar0.12417151511103987', 'Benjamin Martin', 'benmar', '2001-02-28 00:00:00'),
(6520, 'cynran0.574513110867248', 'Cynthia Randall', 'cynran', '2001-02-28 00:00:00'),
(6521, 'katflo0.5000510397367655', 'Kathie Flood', 'katflo', '2001-02-28 00:00:00'),
(6522, 'brisim0.7767158968157283', 'Britta Simon', 'brisim', '2001-03-02 00:00:00'),
(6523, 'brillo0.38342639560199004', 'Brian Lloyd', 'brillo', '2001-03-02 00:00:00'),
(6524, 'davliu0.5869843182964104', 'David Liu', 'davliu', '2001-03-03 00:00:00'),
(6525, 'launor0.784642435409727', 'Laura Norman', 'launor', '2001-03-04 00:00:00'),
(6526, 'micpat0.16225925289304857', 'Michael Patten', 'micpat', '2001-03-04 00:00:00'),
(6527, 'andrut0.4573689889697069', 'Andy Ruth', 'andrut', '2001-03-04 00:00:00'),
(6528, 'yuhli0.8000672169030338', 'Yuhong Li', 'yuhli', '2001-03-05 00:00:00'),
(6529, 'robrou0.6282291483396936', 'Robert Rounthwaite', 'robrou', '2001-03-06 00:00:00'),
(6530, 'andber0.7409441217230113', 'Andreas Berglund', 'andber', '2001-03-06 00:00:00'),
(6531, 'reekoc0.8200331943296205', 'Reed Koch', 'reekoc', '2001-03-06 00:00:00'),
(6532, 'linran0.8773336372127138', 'Linda Randall', 'linran', '2001-03-07 00:00:00'),
(6533, 'jamham0.9265686338083526', 'James Hamilton', 'jamham', '2001-03-07 00:00:00'),
(6534, 'rammey0.0008422881372666807', 'Ramesh Meyyappan', 'rammey', '2001-03-07 00:00:00'),
(6535, 'stecon0.22450556999492047', 'Stephanie Conroy', 'stecon', '2001-03-08 00:00:00'),
(6536, 'samsmi0.12000101629644727', 'Samantha Smith', 'samsmi', '2001-03-08 00:00:00'),
(6537, 'tawnus0.92648840223112', 'Tawana Nusbaum', 'tawnus', '2001-03-09 00:00:00'),
(6538, 'densmi0.27243899299990293', 'Denise Smith', 'densmi', '2001-03-09 00:00:00'),
(6539, 'haoche0.5827297890397998', 'Hao Chen', 'haoche', '2001-03-10 00:00:00'),
(6540, 'alenay0.09633199693293497', 'Alex Nayberg', 'alenay', '2001-03-12 00:00:00'),
(6541, 'eugkog0.7334706482789206', 'Eugene Kogan', 'eugkog', '2001-03-12 00:00:00'),
(6542, 'brahei0.378357281329443', 'Brandon Heidepriem', 'brahei', '2001-03-12 00:00:00'),
(6543, 'dylmil0.6913744925440983', 'Dylan Miller', 'dylmil', '2001-03-12 00:00:00'),
(6544, 'shakim0.3218006494658074', 'Shane Kim', 'shakim', '2001-03-12 00:00:00'),
(6545, 'johche0.5348798004303871', 'John Chen', 'johche', '2001-03-13 00:00:00'),
(6546, 'karber0.7089970844881582', 'Karen Berge', 'karber', '2001-03-13 00:00:00'),
(6547, 'joslug0.9403460518832747', 'Jose Lugo', 'joslug', '2001-03-14 00:00:00'),
(6548, 'mansam0.574739036685544', 'Mandar Samant', 'mansam', '2001-03-14 00:00:00'),
(6549, 'miksan0.05265705851154128', 'Mikael Sandberg', 'miksan', '2001-03-14 00:00:00'),
(6550, 'samtej0.5390682132347191', 'Sameer Tejani', 'samtej', '2001-03-15 00:00:00'),
(6551, 'dratom0.5373699213726166', 'Dragan Tomic', 'dratom', '2001-03-15 00:00:00'),
(6552, 'carphi0.06964499789257068', 'Carol Philips', 'carphi', '2001-03-16 00:00:00'),
(6553, 'robcar0.7361152560786486', 'Rob Caron', 'robcar', '2001-03-17 00:00:00'),
(6554, 'donhal0.47164131744917603', 'Don Hall', 'donhal', '2001-03-17 00:00:00'),
(6555, 'alabre0.14986084974357938', 'Alan Brewer', 'alabre', '2001-03-17 00:00:00'),
(6556, 'davlaw0.3343803271040137', 'David Lawrence', 'davlaw', '2001-03-18 00:00:00'),
(6557, 'barcet0.22231911702297547', 'Baris Cetinok', 'barcet', '2001-03-19 00:00:00'),
(6558, 'micray0.10845463453648112', 'Michael Ray', 'micray', '2001-03-19 00:00:00'),
(6559, 'stemas0.8753158523471243', 'Steve Masters', 'stemas', '2001-03-19 00:00:00'),
(6560, 'sucmoh0.051215388859822776', 'Suchitra Mohan', 'sucmoh', '2001-03-20 00:00:00'),
(6561, 'karber0.6301294179913862', 'Karen Berg', 'karber', '2001-03-20 00:00:00'),
(6562, 'terear0.9970009541111076', 'Terrence Earls', 'terear', '2001-03-20 00:00:00'),
(6563, 'barmor0.09461654731502435', 'Barbara Moreland', 'barmor', '2001-03-22 00:00:00'),
(6564, 'chanis0.482079904975444', 'Chad Niswonger', 'chanis', '2001-03-22 00:00:00'),
(6565, 'rossha0.12654991366579188', 'Rostislav Shabalin', 'rossha', '2001-03-23 00:00:00'),
(6566, 'belnew0.18650988413627248', 'Belinda Newman', 'belnew', '2001-03-24 00:00:00'),
(6567, 'katmca0.5528997104176318', 'Katie McAskill-White', 'katmca', '2001-03-24 00:00:00'),
(6568, 'ruskin0.20496893041298625', 'Russell King', 'ruskin', '2001-03-25 00:00:00'),
(6569, 'jacric0.366145551545681', 'Jack Richins', 'jacric', '2001-03-25 00:00:00'),
(6570, 'andhil0.2158209972230913', 'Andrew Hill', 'andhil', '2001-03-26 00:00:00'),
(6571, 'nichol0.9806683622120584', 'Nicole Holliday', 'nichol', '2001-03-26 00:00:00'),
(6572, 'framil0.25587885012466355', 'Frank Miller', 'framil', '2001-03-27 00:00:00'),
(6573, 'petcon0.33738919472078716', 'Peter Connelly', 'petcon', '2001-03-27 00:00:00'),
(6574, 'anisou0.9193094539635903', 'Anibal Sousa', 'anisou', '2001-03-27 00:00:00'),
(6575, 'kenmye0.5843797163892348', 'Ken Myer', 'kenmye', '2001-03-28 00:00:00'),
(6576, 'gracul0.1639702507890484', 'Grant Culbertson', 'gracul', '2001-03-29 00:00:00'),
(6577, 'micent0.06671213551118238', 'Michael Entin', 'micent', '2001-03-29 00:00:00'),
(6578, 'liopen0.8416499559224118', 'Lionel Penuchot', 'liopen', '2001-03-30 00:00:00'),
(6579, 'thomic0.008113403812156436', 'Thomas Michaels', 'thomic', '2001-03-30 00:00:00'),
(6580, 'jimbis0.515617182027192', 'Jimmy Bischoff', 'jimbis', '2001-03-30 00:00:00'),
(6581, 'micvan0.5537457294331358', 'Michael Vanderhyde', 'micvan', '2001-03-30 00:00:00'),
(6582, 'lorkan0.22187713181774796', 'Lori Kane', 'lorkan', '2001-03-30 00:00:00'),
(6583, 'arvrao0.44814850152297736', 'Arvind Rao', 'arvrao', '2001-04-01 00:00:00'),
(6584, 'stehes0.575111142895288', 'Stefen Hesse', 'stehes', '2001-04-01 00:00:00'),
(6585, 'hazabo0.5311102406411528', 'Hazem Abolrous', 'hazabo', '2001-04-01 00:00:00'),
(6586, 'janshe0.9302178052535447', 'Janet Sheperdigian', 'janshe', '2001-04-02 00:00:00'),
(6587, 'elikey0.05775833507791007', 'Elizabeth Keyser', 'elikey', '2001-04-03 00:00:00'),
(6588, 'teremi0.4981382903625614', 'Terry Eminhizer', 'teremi', '2001-04-03 00:00:00'),
(6589, 'johfru0.31741647731272177', 'John Frum', 'johfru', '2001-04-04 00:00:00'),
(6590, 'mernet0.0926675462095696', 'Merav Netz', 'mernet', '2001-04-04 00:00:00'),
(6591, 'brilam0.5110883298433277', 'Brian LaMee', 'brilam', '2001-04-04 00:00:00'),
(6592, 'kitler0.27743904132157476', 'Kitti Lertpiriyasuwat', 'kitler', '2001-04-05 00:00:00'),
(6593, 'jayada0.8539302478115356', 'Jay Adams', 'jayada', '2001-04-06 00:00:00'),
(6594, 'janmik0.43733414582659874', 'Jan Miksovsky', 'janmik', '2001-04-06 00:00:00'),
(6595, 'bredia0.6248800164320321', 'Brenda Diaz', 'bredia', '2001-04-06 00:00:00'),
(6596, 'andcen0.8123976754140088', 'Andrew Cencini', 'andcen', '2001-04-07 00:00:00'),
(6597, 'chrnor0.18734835850759257', 'Chris Norred', 'chrnor', '2001-04-07 00:00:00'),
(6598, 'chroke0.49954879702958166', 'Chris Okelberry', 'chroke', '2001-04-08 00:00:00'),
(6599, 'shedyc0.9356989403587757', 'Shelley Dyck', 'shedyc', '2001-04-08 00:00:00'),
(6600, 'gabmar0.17984834143877806', 'Gabe Mares', 'gabmar', '2001-04-09 00:00:00'),
(6601, 'miksea0.09214491685120847', 'Mike Seamans', 'miksea', '2001-04-09 00:00:00'),
(6602, 'micrah0.9211795906733531', 'Michael Raheem', 'micrah', '2001-06-04 00:00:00'),
(6603, 'garalt0.3294632335467853', 'Gary Altman', 'garalt', '2002-01-03 00:00:00'),
(6604, 'chafit0.883777426447512', 'Charles Fitzgerald', 'chafit', '2002-01-04 00:00:00'),
(6605, 'ebrers0.43049746233084935', 'Ebru Ersan', 'ebrers', '2002-01-07 00:00:00'),
(6606, 'sylval0.5011550630453555', 'Sylvester Valdez', 'sylval', '2002-01-12 00:00:00'),
(6607, 'brigol0.21428295896787472', 'Brian Goldstein', 'brigol', '2002-01-12 00:00:00'),
(6608, 'linmei0.567949636436952', 'Linda Meisner', 'linmei', '2002-01-18 00:00:00'),
(6609, 'betsta0.19689933601478052', 'Betsy Stadick', 'betsta', '2002-01-19 00:00:00'),
(6610, 'maghed0.28064780149669183', 'Magnus Hedlund', 'maghed', '2002-01-22 00:00:00'),
(6611, 'karkha0.8125410301727625', 'Karan Khanna', 'karkha', '2002-01-23 00:00:00'),
(6612, 'marbak0.22076177710738198', 'Mary Baker', 'marbak', '2002-01-26 00:00:00'),
(6613, 'kevhom0.6661858257522675', 'Kevin Homer', 'kevhom', '2002-01-26 00:00:00'),
(6614, 'mihfri0.6686438281728363', 'Mihail Frintu', 'mihfri', '2002-01-30 00:00:00'),
(6615, 'bonkea0.3446616943410241', 'Bonnie Kearney', 'bonkea', '2002-02-02 00:00:00'),
(6616, 'fukogi0.7173770179202567', 'Fukiko Ogisu', 'fukogi', '2002-02-05 00:00:00'),
(6617, 'huntin0.5529000373118558', 'Hung-Fu Ting', 'huntin', '2002-02-07 00:00:00'),
(6618, 'gorhee0.6123691635321539', 'Gordon Hee', 'gorhee', '2002-02-12 00:00:00'),
(6619, 'kimzim0.40314573645884705', 'Kimberly Zimmerman', 'kimzim', '2002-02-13 00:00:00'),
(6620, 'kimabe0.1786212224314187', 'Kim Abercrombie', 'kimabe', '2002-02-17 00:00:00'),
(6621, 'sankal0.6836689335141973', 'Sandeep Kaliyath', 'sankal', '2002-02-18 00:00:00'),
(6622, 'prasam0.8824810310103753', 'Prasanna Samarawickrama', 'prasam', '2002-02-23 00:00:00'),
(6623, 'frapel0.36139838524293005', 'Frank Pellow', 'frapel', '2002-02-24 00:00:00'),
(6624, 'minsu0.15954886391716905', 'Min Su', 'minsu', '2002-02-25 00:00:00'),
(6625, 'eribro0.7135491945907', 'Eric Brown', 'eribro', '2002-02-25 00:00:00'),
(6626, 'erikur0.08909941193563808', 'Eric Kurjan', 'erikur', '2002-02-28 00:00:00'),
(6627, 'patcol0.3048495066397353', 'Pat Coleman', 'patcol', '2002-02-28 00:00:00'),
(6628, 'macdus0.2569493281254073', 'Maciej Dusza', 'macdus', '2002-03-01 00:00:00'),
(6629, 'erihag0.3701981514414755', 'Erin Hagens', 'erihag', '2002-03-03 00:00:00'),
(6630, 'patwed0.0801428035648007', 'Patrick Wedge', 'patwed', '2002-03-04 00:00:00'),
(6631, 'framar0.2901195942332219', 'Frank Martinez', 'framar', '2002-03-08 00:00:00'),
(6632, 'eddud0.21016959120535253', 'Ed Dudenhoefer', 'eddud', '2002-03-08 00:00:00'),
(6633, 'chrhil0.1804892040607419', 'Christopher Hill', 'chrhil', '2002-03-11 00:00:00'),
(6634, 'patcoo0.2719372774212968', 'Patrick Cook', 'patcoo', '2002-03-15 00:00:00'),
(6635, 'krisun0.8182188056579035', 'Krishna Sunkammurali', 'krisun', '2002-03-16 00:00:00'),
(6636, 'lorpen0.2752822267592719', 'Lori Penor', 'lorpen', '2002-03-19 00:00:00'),
(6637, 'dantie0.921754747556294', 'Danielle Tiedt', 'dantie', '2002-03-23 00:00:00'),
(6638, 'soocha0.7829270882372996', 'Sootha Charncherngkha', 'soocha', '2002-03-26 00:00:00'),
(6639, 'miczwi0.1493712292512611', 'Michael Zwilling', 'miczwi', '2002-03-26 00:00:00'),
(6640, 'ranree0.3980749122780514', 'Randy Reeves', 'ranree', '2002-03-26 00:00:00'),
(6641, 'johkan0.5422609043701188', 'John Kane', 'johkan', '2002-03-30 00:00:00'),
(6642, 'jaccre0.5170798157500847', 'Jack Creasey', 'jaccre', '2002-04-03 00:00:00'),
(6643, 'olitur0.9586163963737119', 'Olinda Turner', 'olitur', '2002-04-04 00:00:00'),
(6644, 'stumac0.24184256535195053', 'Stuart Macrae', 'stumac', '2002-04-05 00:00:00'),
(6645, 'jober0.33336366837226195', 'Jo Berry', 'jober', '2002-04-07 00:00:00'),
(6646, 'benmil0.9412906765391031', 'Ben Miller', 'benmil', '2002-04-09 00:00:00'),
(6647, 'tomvan0.7063624083123751', 'Tom Vande Velde', 'tomvan', '2002-04-10 00:00:00'),
(6648, 'ovicra0.707940042678211', 'Ovidiu Cracium', 'ovicra', '2003-01-05 00:00:00'),
(6649, 'annhil0.42061301918757427', 'Annette Hill', 'annhil', '2003-01-06 00:00:00'),
(6650, 'jangal0.9792449986368836', 'Janice Galvin', 'jangal', '2003-01-23 00:00:00'),
(6651, 'reihil0.6343859663553405', 'Reinout Hillmann', 'reihil', '2003-01-25 00:00:00'),
(6652, 'micsul0.23419486659969657', 'Michael Sullivan', 'micsul', '2003-01-30 00:00:00'),
(6653, 'stejia0.26781646466610626', 'Stephen Jiang', 'stejia', '2003-02-04 00:00:00'),
(6654, 'wanben0.6364977542650865', 'Wanida Benshoof', 'wanben', '2003-02-07 00:00:00'),
(6655, 'shasal0.37903940806075875', 'Sharon Salavaria', 'shasal', '2003-02-18 00:00:00'),
(6656, 'johwoo0.9857038082421793', 'John Wood', 'johwoo', '2003-03-10 00:00:00'),
(6657, 'mardem0.791400847762265', 'Mary Dempsey', 'mardem', '2003-03-17 00:00:00'),
(6658, 'briwel0.9998928448184327', 'Brian Welcker', 'briwel', '2003-03-18 00:00:00'),
(6659, 'shewor0.625261711539013', 'Sheela Word', 'shewor', '2003-03-28 00:00:00'),
(6660, 'micbly0.1266300539734122', 'Michael Blythe', 'micbly', '2003-07-01 00:00:00'),
(6661, 'linmit0.7573651659836668', 'Linda Mitchell', 'linmit', '2003-07-01 00:00:00'),
(6662, 'jilcar0.4069356987317425', 'Jillian Carson', 'jilcar', '2003-07-01 00:00:00'),
(6663, 'garvar0.7625830264413571', 'Garrett Vargas', 'garvar', '2003-07-01 00:00:00'),
(6664, 'tsvrei0.592108066745203', 'Tsvi Reiter', 'tsvrei', '2003-07-01 00:00:00'),
(6665, 'pamans0.6727912851355888', 'Pamela Ansman-Wolfe', 'pamans', '2003-07-01 00:00:00'),
(6666, 'shuito0.5876322561759802', 'Shu Ito', 'shuito', '2003-07-01 00:00:00'),
(6667, 'jossar0.9197874562067794', 'Jose Saraiva', 'jossar', '2003-07-01 00:00:00'),
(6668, 'davcam0.8360405432396014', 'David Campbell', 'davcam', '2003-07-01 00:00:00'),
(6669, 'amyalb0.42084037831131405', 'Amy Alberts', 'amyalb', '2004-05-18 00:00:00'),
(6670, 'jaepak0.5960802925714108', 'Jae Pak', 'jaepak', '2004-07-01 00:00:00'),
(6671, 'ranvar0.7178803586567569', 'Ranjit Varkey Chudukatil', 'ranvar', '2004-07-01 00:00:00'),
(6672, 'tetmen0.8011609463031971', 'Tete Mensa-Annan', 'tetmen', '2004-11-01 00:00:00'),
(6673, 'syeabb0.8521636862793599', 'Syed Abbas', 'syeabb', '2005-04-15 00:00:00'),
(6674, 'racval0.8573356232208531', 'Rachel Valdez', 'racval', '2005-07-01 00:00:00'),
(6675, 'lyntso0.730187087999831', 'Lynn Tsoflias', 'lyntso', '2005-07-01 00:00:00'),
(6676, 'jersmi0.0789286010702407', 'Jeremy Smith', 'jersmi', '2005-03-01 00:00:00'),
(6677, 'marjoh0.20408177208535538', 'Marta Johanson', 'marjoh', '2005-03-01 00:00:00'),
(6678, 'elidia0.7836230879496998', 'Elizabeth Diaz', 'elidia', '2005-03-01 00:00:00'),
(6897, 'guygil0.5691724881242705', 'Guy Gilbert', 'guygil', '1998-07-31 00:00:00'),
(6898, 'kevbro0.7094051993539605', 'Kevin Brown', 'kevbro', '1999-02-26 00:00:00'),
(6899, 'robtam0.8395085631306363', 'Roberto Tamburello', 'robtam', '1999-12-12 00:00:00'),
(6900, 'robwal0.06932724832494487', 'Rob Walters', 'robwal', '2000-01-05 00:00:00'),
(6901, 'thid\'h0.8281105829664605', 'Thierry D\'Hers', 'thid\'h', '2000-01-11 00:00:00'),
(6902, 'davbra0.9325712005911126', 'David Bradley', 'davbra', '2000-01-20 00:00:00');
INSERT INTO `users` (`Id`, `username`, `full_name`, `password`, `last_login_time`) VALUES
(6903, 'joldob0.178524284789827', 'JoLynn Dobney', 'joldob', '2000-01-26 00:00:00'),
(6904, 'rutell0.0949078529094419', 'Ruth Ellerbrock', 'rutell', '2000-02-06 00:00:00'),
(6905, 'gaieri0.9389664409113735', 'Gail Erickson', 'gaieri', '2000-02-06 00:00:00'),
(6906, 'barjoh0.41010867656218697', 'Barry Johnson', 'barjoh', '2000-02-07 00:00:00'),
(6907, 'josgol0.2336440908104592', 'Jossef Goldberg', 'josgol', '2000-02-24 00:00:00'),
(6908, 'terduf0.9378944550993801', 'Terri Duffy', 'terduf', '2000-03-03 00:00:00'),
(6909, 'sidhig0.9885400337991678', 'Sidney Higa', 'sidhig', '2000-03-05 00:00:00'),
(6910, 'taymax0.12901683443134357', 'Taylor Maxwell', 'taymax', '2000-03-11 00:00:00'),
(6911, 'jeffor0.6794641014928595', 'Jeffrey Ford', 'jeffor', '2000-03-23 00:00:00'),
(6912, 'jobro0.010270034903911906', 'Jo Brown', 'jobro', '2000-03-30 00:00:00'),
(6913, 'dorhar0.012957900774625969', 'Doris Hartwig', 'dorhar', '2000-04-11 00:00:00'),
(6914, 'johcam0.03397942989503912', 'John Campbell', 'johcam', '2000-04-18 00:00:00'),
(6915, 'diagli0.13102347788496266', 'Diane Glimp', 'diagli', '2000-04-29 00:00:00'),
(6916, 'stesel0.553179130473341', 'Steven Selikoff', 'stesel', '2001-01-02 00:00:00'),
(6917, 'petkre0.3728252494454619', 'Peter Krebs', 'petkre', '2001-01-02 00:00:00'),
(6918, 'stumun0.20458888654093155', 'Stuart Munson', 'stumun', '2001-01-03 00:00:00'),
(6919, 'greald0.904468715101917', 'Greg Alderson', 'greald', '2001-01-03 00:00:00'),
(6920, 'davjoh0.9085769466204354', 'David Johnson', 'davjoh', '2001-01-03 00:00:00'),
(6921, 'zhemu0.829478618530071', 'Zheng Mu', 'zhemu', '2001-01-04 00:00:00'),
(6922, 'ivosal0.4216622835226937', 'Ivo Salmre', 'ivosal', '2001-01-05 00:00:00'),
(6923, 'paukom0.6198755927569005', 'Paul Komosinski', 'paukom', '2001-01-05 00:00:00'),
(6924, 'ashsha0.8343911439500666', 'Ashvini Sharma', 'ashsha', '2001-01-05 00:00:00'),
(6925, 'kenkei0.31232897221327666', 'Kendall Keil', 'kenkei', '2001-01-06 00:00:00'),
(6926, 'paubar0.058471459949828185', 'Paula Barreto de Mattos', 'paubar', '2001-01-07 00:00:00'),
(6927, 'alemcg0.355370413842956', 'Alejandro McGuel', 'alemcg', '2001-01-07 00:00:00'),
(6928, 'garyou0.6014377200989404', 'Garrett Young', 'garyou', '2001-01-08 00:00:00'),
(6929, 'jiawan0.941077389699479', 'Jian Shuo Wang', 'jiawan', '2001-01-08 00:00:00'),
(6930, 'suseat0.9010738189342188', 'Susan Eaton', 'suseat', '2001-01-08 00:00:00'),
(6931, 'vamkup0.682136956306302', 'Vamsi Kuppa', 'vamkup', '2001-01-08 00:00:00'),
(6932, 'alicic0.7074633554624984', 'Alice Ciccu', 'alicic', '2001-01-08 00:00:00'),
(6933, 'simrap0.49090593912723096', 'Simon Rapier', 'simrap', '2001-01-09 00:00:00'),
(6934, 'jinliu0.3321396599823047', 'Jinghao Liu', 'jinliu', '2001-01-09 00:00:00'),
(6935, 'michin0.18798051326347562', 'Michael Hines', 'michin', '2001-01-10 00:00:00'),
(6936, 'yvomck0.943483617104109', 'Yvonne McKay', 'yvomck', '2001-01-10 00:00:00'),
(6937, 'penwu0.1534765764637632', 'Peng Wu', 'penwu', '2001-01-10 00:00:00'),
(6938, 'jeatre0.936932061740134', 'Jean Trenary', 'jeatre', '2001-01-12 00:00:00'),
(6939, 'rushun0.22423061004302522', 'Russell Hunter', 'rushun', '2001-01-13 00:00:00'),
(6940, 'a. wri0.31035689572836916', 'A. Scott Wright', 'a. wri', '2001-01-13 00:00:00'),
(6941, 'frenor0.8790926792464151', 'Fred Northup', 'frenor', '2001-01-13 00:00:00'),
(6942, 'sarhar0.46439273978061296', 'Sariya Harnpadoungsataya', 'sarhar', '2001-01-13 00:00:00'),
(6943, 'wiljoh0.6846856918974646', 'Willis Johnson', 'wiljoh', '2001-01-14 00:00:00'),
(6944, 'juncao0.0302502708791292', 'Jun Cao', 'juncao', '2001-01-15 00:00:00'),
(6945, 'chrkle0.09719430943689711', 'Christian Kleinerman', 'chrkle', '2001-01-15 00:00:00'),
(6946, 'susmet0.3952207652807429', 'Susan Metters', 'susmet', '2001-01-15 00:00:00'),
(6947, 'reud\'s0.6845209288266683', 'Reuben D\'sa', 'reud\'s', '2001-01-16 00:00:00'),
(6948, 'kirkoe0.23694237902475743', 'Kirk Koenigsbauer', 'kirkoe', '2001-01-16 00:00:00'),
(6949, 'davort0.13114913937742742', 'David Ortiz', 'davort', '2001-01-16 00:00:00'),
(6950, 'tenkha0.9449185905465098', 'Tengiz Kharatishvili', 'tenkha', '2001-01-17 00:00:00'),
(6951, 'hanfen0.33114556533391176', 'Hanying Feng', 'hanfen', '2001-01-17 00:00:00'),
(6952, 'kevliu0.8209720857636743', 'Kevin Liu', 'kevliu', '2001-01-18 00:00:00'),
(6953, 'annsta0.1114237635502813', 'Annik Stahl', 'annsta', '2001-01-18 00:00:00'),
(6954, 'surfat0.09420259119402859', 'Suroor Fatima', 'surfat', '2001-01-18 00:00:00'),
(6955, 'debpoe0.136741696052944', 'Deborah Poe', 'debpoe', '2001-01-19 00:00:00'),
(6956, 'jimsca0.4011007374162793', 'Jim Scardelis', 'jimsca', '2001-01-20 00:00:00'),
(6957, 'carpol0.5952786296562093', 'Carole Poland', 'carpol', '2001-01-20 00:00:00'),
(6958, 'geoli0.7730909667658535', 'George Li', 'geoli', '2001-01-22 00:00:00'),
(6959, 'garyuk0.07961897559428492', 'Gary Yukish', 'garyuk', '2001-01-23 00:00:00'),
(6960, 'cripet0.07882200840750896', 'Cristian Petculescu', 'cripet', '2001-01-23 00:00:00'),
(6961, 'raysam0.15525314598833503', 'Raymond Sam', 'raysam', '2001-01-24 00:00:00'),
(6962, 'janbue0.5397997354527933', 'Janaina Bueno', 'janbue', '2001-01-24 00:00:00'),
(6963, 'bobhoh0.23323927003260633', 'Bob Hohman', 'bobhoh', '2001-01-25 00:00:00'),
(6964, 'shamoh0.5467971745382968', 'Shammi Mohamed', 'shamoh', '2001-01-25 00:00:00'),
(6965, 'linmos0.034268093327310026', 'Linda Moschell', 'linmos', '2001-01-26 00:00:00'),
(6966, 'minmar0.5309489737553047', 'Mindy Martin', 'minmar', '2001-01-26 00:00:00'),
(6967, 'wenkah0.5519406195282383', 'Wendy Kahn', 'wenkah', '2001-01-26 00:00:00'),
(6968, 'kimral0.1668562071089225', 'Kim Ralls', 'kimral', '2001-01-27 00:00:00'),
(6969, 'sanrea0.17845920769354254', 'Sandra Reategui Alayo', 'sanrea', '2001-01-27 00:00:00'),
(6970, 'kokloh0.39172744787459024', 'Kok-Ho Loh', 'kokloh', '2001-01-28 00:00:00'),
(6971, 'douhit0.4232596470259686', 'Douglas Hite', 'douhit', '2001-01-28 00:00:00'),
(6972, 'jamkra0.9411159222397171', 'James Kramer', 'jamkra', '2001-01-28 00:00:00'),
(6973, 'seaale0.43580070085432443', 'Sean Alexander', 'seaale', '2001-01-29 00:00:00'),
(6974, 'nitmir0.3556557682861162', 'Nitin Mirchandani', 'nitmir', '2001-01-29 00:00:00'),
(6975, 'diamar0.47087676960125263', 'Diane Margheim', 'diamar', '2001-01-30 00:00:00'),
(6976, 'reblas0.2874165738815596', 'Rebecca Laszlo', 'reblas', '2001-01-30 00:00:00'),
(6977, 'rajpat0.024452591337685094', 'Rajesh Patel', 'rajpat', '2001-02-01 00:00:00'),
(6978, 'vidlut0.26001326577739164', 'Vidur Luthra', 'vidlut', '2001-02-02 00:00:00'),
(6979, 'joheva0.22670858560754786', 'John Evans', 'joheva', '2001-02-02 00:00:00'),
(6980, 'nanand0.3535031614392094', 'Nancy Anderson', 'nanand', '2001-02-03 00:00:00'),
(6981, 'pilack0.08739008110704839', 'Pilar Ackerman', 'pilack', '2001-02-03 00:00:00'),
(6982, 'davyal0.37644095195125876', 'David Yalovsky', 'davyal', '2001-02-03 00:00:00'),
(6983, 'davham0.6200345471687937', 'David Hamilton', 'davham', '2001-02-04 00:00:00'),
(6984, 'lauste0.970849910723837', 'Laura Steele', 'lauste', '2001-02-04 00:00:00'),
(6985, 'marsho0.9941459428464491', 'Margie Shoop', 'marsho', '2001-02-05 00:00:00'),
(6986, 'zaiari0.058180012794379156', 'Zainal Arifin', 'zaiari', '2001-02-05 00:00:00'),
(6987, 'lornay0.30846226616619365', 'Lorraine Nay', 'lornay', '2001-02-05 00:00:00'),
(6988, 'fadfak0.3677713231814758', 'Fadi Fakhouri', 'fadfak', '2001-02-05 00:00:00'),
(6989, 'ryacor0.913469848142443', 'Ryan Cornelsen', 'ryacor', '2001-02-06 00:00:00'),
(6990, 'canspo0.46403530190143294', 'Candy Spoon', 'canspo', '2001-02-07 00:00:00'),
(6991, 'nuayu0.5797669958134806', 'Nuan Yu', 'nuayu', '2001-02-07 00:00:00'),
(6992, 'wilvon0.506729104096749', 'William Vong', 'wilvon', '2001-02-08 00:00:00'),
(6993, 'bjoret0.7943445637769481', 'Bjorn Rettig', 'bjoret', '2001-02-08 00:00:00'),
(6994, 'scogod0.4515355373281385', 'Scott Gode', 'scogod', '2001-02-09 00:00:00'),
(6995, 'microt0.8746440260434933', 'Michael Rothkugel', 'microt', '2001-02-11 00:00:00'),
(6996, 'lansac0.018613548966696068', 'Lane Sacksteder', 'lansac', '2001-02-12 00:00:00'),
(6997, 'petmal0.46913569743664535', 'Pete Male', 'petmal', '2001-02-12 00:00:00'),
(6998, 'danbac0.28983787101678354', 'Dan Bacon', 'danbac', '2001-02-12 00:00:00'),
(6999, 'davbar0.04178229350762656', 'David Barber', 'davbar', '2001-02-13 00:00:00'),
(7000, 'lolson0.3393978852214272', 'Lolan Song', 'lolson', '2001-02-13 00:00:00'),
(7001, 'paunar0.5716425763179013', 'Paula Nartker', 'paunar', '2001-02-13 00:00:00'),
(7002, 'margib0.84001925665887', 'Mary Gibson', 'margib', '2001-02-13 00:00:00'),
(7003, 'minkra0.48516858507429117', 'Mindaugas Krapauskas', 'minkra', '2001-02-14 00:00:00'),
(7004, 'erigub0.9057851861284908', 'Eric Gubbels', 'erigub', '2001-02-15 00:00:00'),
(7005, 'kensan0.07342020615322535', 'Ken Sanchez', 'kensan', '2001-02-15 00:00:00'),
(7006, 'jaswat0.6497455031142993', 'Jason Watters', 'jaswat', '2001-02-15 00:00:00'),
(7007, 'marhar0.028466927845465884', 'Mark Harrington', 'marhar', '2001-02-16 00:00:00'),
(7008, 'janest0.19309816061807625', 'Janeth Esteves', 'janest', '2001-02-16 00:00:00'),
(7009, 'maring0.8800900502876285', 'Marc Ingle', 'maring', '2001-02-17 00:00:00'),
(7010, 'gigmat0.8211558003175592', 'Gigi Matthew', 'gigmat', '2001-02-17 00:00:00'),
(7011, 'pausin0.46550888145855523', 'Paul Singh', 'pausin', '2001-02-18 00:00:00'),
(7012, 'fralee0.8640770370737436', 'Frank Lee', 'fralee', '2001-02-18 00:00:00'),
(7013, 'fraaje0.923858571726697', 'Francois Ajenstat', 'fraaje', '2001-02-18 00:00:00'),
(7014, 'diatib0.02706177814589979', 'Diane Tibbott', 'diatib', '2001-02-19 00:00:00'),
(7015, 'jilwil0.36373320628305267', 'Jill Williams', 'jilwil', '2001-02-19 00:00:00'),
(7016, 'angbar0.7374807277112089', 'Angela Barbariol', 'angbar', '2001-02-21 00:00:00'),
(7017, 'matber0.5962040504405313', 'Matthias Berndt', 'matber', '2001-02-21 00:00:00'),
(7018, 'brybak0.7685780998026748', 'Bryan Baker', 'brybak', '2001-02-22 00:00:00'),
(7019, 'jefhay0.054278378425425274', 'Jeff Hay', 'jefhay', '2001-02-22 00:00:00'),
(7020, 'eugzab0.9656576234527469', 'Eugene Zabokritski', 'eugzab', '2001-02-22 00:00:00'),
(7021, 'bardec0.6654530127211036', 'Barbara Decker', 'bardec', '2001-02-23 00:00:00'),
(7022, 'chrpre0.4302922239809225', 'Chris Preston', 'chrpre', '2001-02-23 00:00:00'),
(7023, 'seacha0.1551021124749464', 'Sean Chai', 'seacha', '2001-02-23 00:00:00'),
(7024, 'danwil0.48463392116560966', 'Dan Wilson', 'danwil', '2001-02-23 00:00:00'),
(7025, 'marmca0.9578632991368541', 'Mark McArthur', 'marmca', '2001-02-24 00:00:00'),
(7026, 'brywal0.3354147629210863', 'Bryan Walton', 'brywal', '2001-02-25 00:00:00'),
(7027, 'houpou0.8034839479285143', 'Houman Pournasseh', 'houpou', '2001-02-26 00:00:00'),
(7028, 'saiudd0.011175481612957531', 'Sairaj Uddin', 'saiudd', '2001-02-27 00:00:00'),
(7029, 'micosa0.6454255950128898', 'Michiko Osada', 'micosa', '2001-02-27 00:00:00'),
(7030, 'benmar0.19360156095922137', 'Benjamin Martin', 'benmar', '2001-02-28 00:00:00'),
(7031, 'cynran0.03173105049108253', 'Cynthia Randall', 'cynran', '2001-02-28 00:00:00'),
(7032, 'katflo0.5778506003113935', 'Kathie Flood', 'katflo', '2001-02-28 00:00:00'),
(7033, 'brisim0.7940598808173648', 'Britta Simon', 'brisim', '2001-03-02 00:00:00'),
(7034, 'brillo0.2367476338862885', 'Brian Lloyd', 'brillo', '2001-03-02 00:00:00'),
(7035, 'davliu0.8015585577129932', 'David Liu', 'davliu', '2001-03-03 00:00:00'),
(7036, 'launor0.2975499176397453', 'Laura Norman', 'launor', '2001-03-04 00:00:00'),
(7037, 'micpat0.08307394579339208', 'Michael Patten', 'micpat', '2001-03-04 00:00:00'),
(7038, 'andrut0.5227200067813694', 'Andy Ruth', 'andrut', '2001-03-04 00:00:00'),
(7039, 'yuhli0.364378227260316', 'Yuhong Li', 'yuhli', '2001-03-05 00:00:00'),
(7040, 'robrou0.2537311466911166', 'Robert Rounthwaite', 'robrou', '2001-03-06 00:00:00'),
(7041, 'andber0.17552108240828018', 'Andreas Berglund', 'andber', '2001-03-06 00:00:00'),
(7042, 'reekoc0.11641200270169601', 'Reed Koch', 'reekoc', '2001-03-06 00:00:00'),
(7043, 'linran0.05549679701728448', 'Linda Randall', 'linran', '2001-03-07 00:00:00'),
(7044, 'jamham0.9282480077149794', 'James Hamilton', 'jamham', '2001-03-07 00:00:00'),
(7045, 'rammey0.47474967825668835', 'Ramesh Meyyappan', 'rammey', '2001-03-07 00:00:00'),
(7046, 'stecon0.5890043988721486', 'Stephanie Conroy', 'stecon', '2001-03-08 00:00:00'),
(7047, 'samsmi0.520772990324323', 'Samantha Smith', 'samsmi', '2001-03-08 00:00:00'),
(7048, 'tawnus0.8368517857388145', 'Tawana Nusbaum', 'tawnus', '2001-03-09 00:00:00'),
(7049, 'densmi0.621939988454748', 'Denise Smith', 'densmi', '2001-03-09 00:00:00'),
(7050, 'haoche0.5991446157909414', 'Hao Chen', 'haoche', '2001-03-10 00:00:00'),
(7051, 'alenay0.12990314432410816', 'Alex Nayberg', 'alenay', '2001-03-12 00:00:00'),
(7052, 'eugkog0.8520819049813616', 'Eugene Kogan', 'eugkog', '2001-03-12 00:00:00'),
(7053, 'brahei0.8707001226681286', 'Brandon Heidepriem', 'brahei', '2001-03-12 00:00:00'),
(7054, 'dylmil0.797254929130203', 'Dylan Miller', 'dylmil', '2001-03-12 00:00:00'),
(7055, 'shakim0.3741743083802744', 'Shane Kim', 'shakim', '2001-03-12 00:00:00'),
(7056, 'johche0.47910678524440786', 'John Chen', 'johche', '2001-03-13 00:00:00'),
(7057, 'karber0.27301103181486114', 'Karen Berge', 'karber', '2001-03-13 00:00:00'),
(7058, 'joslug0.9277348340747271', 'Jose Lugo', 'joslug', '2001-03-14 00:00:00'),
(7059, 'mansam0.8196411056626971', 'Mandar Samant', 'mansam', '2001-03-14 00:00:00'),
(7060, 'miksan0.31500105682294915', 'Mikael Sandberg', 'miksan', '2001-03-14 00:00:00'),
(7061, 'samtej0.11608199786029942', 'Sameer Tejani', 'samtej', '2001-03-15 00:00:00'),
(7062, 'dratom0.6354068495662947', 'Dragan Tomic', 'dratom', '2001-03-15 00:00:00'),
(7063, 'carphi0.8287882849842201', 'Carol Philips', 'carphi', '2001-03-16 00:00:00'),
(7064, 'robcar0.2377209069558614', 'Rob Caron', 'robcar', '2001-03-17 00:00:00'),
(7065, 'donhal0.7022397105602918', 'Don Hall', 'donhal', '2001-03-17 00:00:00'),
(7066, 'alabre0.7980358626675195', 'Alan Brewer', 'alabre', '2001-03-17 00:00:00'),
(7067, 'davlaw0.8834602123903671', 'David Lawrence', 'davlaw', '2001-03-18 00:00:00'),
(7068, 'barcet0.023193504682922274', 'Baris Cetinok', 'barcet', '2001-03-19 00:00:00'),
(7069, 'micray0.46558691697715493', 'Michael Ray', 'micray', '2001-03-19 00:00:00'),
(7070, 'stemas0.2583541015706529', 'Steve Masters', 'stemas', '2001-03-19 00:00:00'),
(7071, 'sucmoh0.8950097876554446', 'Suchitra Mohan', 'sucmoh', '2001-03-20 00:00:00'),
(7072, 'karber0.6999866642989094', 'Karen Berg', 'karber', '2001-03-20 00:00:00'),
(7073, 'terear0.8149039892618581', 'Terrence Earls', 'terear', '2001-03-20 00:00:00'),
(7074, 'barmor0.9745599841462076', 'Barbara Moreland', 'barmor', '2001-03-22 00:00:00'),
(7075, 'chanis0.42808798367910833', 'Chad Niswonger', 'chanis', '2001-03-22 00:00:00'),
(7076, 'rossha0.21675999669056387', 'Rostislav Shabalin', 'rossha', '2001-03-23 00:00:00'),
(7077, 'belnew0.7995360631491394', 'Belinda Newman', 'belnew', '2001-03-24 00:00:00'),
(7078, 'katmca0.34740035640765016', 'Katie McAskill-White', 'katmca', '2001-03-24 00:00:00'),
(7079, 'ruskin0.3383936233244777', 'Russell King', 'ruskin', '2001-03-25 00:00:00'),
(7080, 'jacric0.649767078133083', 'Jack Richins', 'jacric', '2001-03-25 00:00:00'),
(7081, 'andhil0.23365455142562702', 'Andrew Hill', 'andhil', '2001-03-26 00:00:00'),
(7082, 'nichol0.218971553462531', 'Nicole Holliday', 'nichol', '2001-03-26 00:00:00'),
(7083, 'framil0.39389414376941895', 'Frank Miller', 'framil', '2001-03-27 00:00:00'),
(7084, 'petcon0.31255608919314676', 'Peter Connelly', 'petcon', '2001-03-27 00:00:00'),
(7085, 'anisou0.3810980453911219', 'Anibal Sousa', 'anisou', '2001-03-27 00:00:00'),
(7086, 'kenmye0.9678219901098143', 'Ken Myer', 'kenmye', '2001-03-28 00:00:00'),
(7087, 'gracul0.6958158451093508', 'Grant Culbertson', 'gracul', '2001-03-29 00:00:00'),
(7088, 'micent0.5756132859509562', 'Michael Entin', 'micent', '2001-03-29 00:00:00'),
(7089, 'liopen0.7906189251603735', 'Lionel Penuchot', 'liopen', '2001-03-30 00:00:00'),
(7090, 'thomic0.22625479868264384', 'Thomas Michaels', 'thomic', '2001-03-30 00:00:00'),
(7091, 'jimbis0.7594172486657438', 'Jimmy Bischoff', 'jimbis', '2001-03-30 00:00:00'),
(7092, 'micvan0.11832187801443216', 'Michael Vanderhyde', 'micvan', '2001-03-30 00:00:00'),
(7093, 'lorkan0.3133576748085745', 'Lori Kane', 'lorkan', '2001-03-30 00:00:00'),
(7094, 'arvrao0.21182277073322123', 'Arvind Rao', 'arvrao', '2001-04-01 00:00:00'),
(7095, 'stehes0.11904085997402748', 'Stefen Hesse', 'stehes', '2001-04-01 00:00:00'),
(7096, 'hazabo0.9597360184041187', 'Hazem Abolrous', 'hazabo', '2001-04-01 00:00:00'),
(7097, 'janshe0.4415575428321562', 'Janet Sheperdigian', 'janshe', '2001-04-02 00:00:00'),
(7098, 'elikey0.32857968968206985', 'Elizabeth Keyser', 'elikey', '2001-04-03 00:00:00'),
(7099, 'teremi0.31822585064752573', 'Terry Eminhizer', 'teremi', '2001-04-03 00:00:00'),
(7100, 'johfru0.605390214925064', 'John Frum', 'johfru', '2001-04-04 00:00:00'),
(7101, 'mernet0.07227355341638769', 'Merav Netz', 'mernet', '2001-04-04 00:00:00'),
(7102, 'brilam0.5451971530403915', 'Brian LaMee', 'brilam', '2001-04-04 00:00:00'),
(7103, 'kitler0.5091651356864396', 'Kitti Lertpiriyasuwat', 'kitler', '2001-04-05 00:00:00'),
(7104, 'jayada0.9102342500446683', 'Jay Adams', 'jayada', '2001-04-06 00:00:00'),
(7105, 'janmik0.023675873897667857', 'Jan Miksovsky', 'janmik', '2001-04-06 00:00:00'),
(7106, 'bredia0.3876766500879793', 'Brenda Diaz', 'bredia', '2001-04-06 00:00:00'),
(7107, 'andcen0.8673556594805379', 'Andrew Cencini', 'andcen', '2001-04-07 00:00:00'),
(7108, 'chrnor0.1737483778723966', 'Chris Norred', 'chrnor', '2001-04-07 00:00:00'),
(7109, 'chroke0.26667494165401434', 'Chris Okelberry', 'chroke', '2001-04-08 00:00:00'),
(7110, 'shedyc0.8121296053865269', 'Shelley Dyck', 'shedyc', '2001-04-08 00:00:00'),
(7111, 'gabmar0.2606232327042364', 'Gabe Mares', 'gabmar', '2001-04-09 00:00:00'),
(7112, 'miksea0.8667273780952462', 'Mike Seamans', 'miksea', '2001-04-09 00:00:00'),
(7113, 'micrah0.5517672230971672', 'Michael Raheem', 'micrah', '2001-06-04 00:00:00'),
(7114, 'garalt0.1586540119337421', 'Gary Altman', 'garalt', '2002-01-03 00:00:00'),
(7115, 'chafit0.13796842111085394', 'Charles Fitzgerald', 'chafit', '2002-01-04 00:00:00'),
(7116, 'ebrers0.2138801004866884', 'Ebru Ersan', 'ebrers', '2002-01-07 00:00:00'),
(7117, 'sylval0.6554952698345252', 'Sylvester Valdez', 'sylval', '2002-01-12 00:00:00'),
(7118, 'brigol0.6358360784462058', 'Brian Goldstein', 'brigol', '2002-01-12 00:00:00'),
(7119, 'linmei0.21269461346109828', 'Linda Meisner', 'linmei', '2002-01-18 00:00:00'),
(7120, 'betsta0.155964862700519', 'Betsy Stadick', 'betsta', '2002-01-19 00:00:00'),
(7121, 'maghed0.1417405038529453', 'Magnus Hedlund', 'maghed', '2002-01-22 00:00:00'),
(7122, 'karkha0.24080796189681436', 'Karan Khanna', 'karkha', '2002-01-23 00:00:00'),
(7123, 'marbak0.778818328658881', 'Mary Baker', 'marbak', '2002-01-26 00:00:00'),
(7124, 'kevhom0.17166778833760674', 'Kevin Homer', 'kevhom', '2002-01-26 00:00:00'),
(7125, 'mihfri0.5218839864450358', 'Mihail Frintu', 'mihfri', '2002-01-30 00:00:00'),
(7126, 'bonkea0.09441659794600364', 'Bonnie Kearney', 'bonkea', '2002-02-02 00:00:00'),
(7127, 'fukogi0.9064310611285559', 'Fukiko Ogisu', 'fukogi', '2002-02-05 00:00:00'),
(7128, 'huntin0.24890554253841335', 'Hung-Fu Ting', 'huntin', '2002-02-07 00:00:00'),
(7129, 'gorhee0.5252345600400442', 'Gordon Hee', 'gorhee', '2002-02-12 00:00:00'),
(7130, 'kimzim0.8794562033186258', 'Kimberly Zimmerman', 'kimzim', '2002-02-13 00:00:00'),
(7131, 'kimabe0.8215773672066418', 'Kim Abercrombie', 'kimabe', '2002-02-17 00:00:00'),
(7132, 'sankal0.4695182568109764', 'Sandeep Kaliyath', 'sankal', '2002-02-18 00:00:00'),
(7133, 'prasam0.8828592131686017', 'Prasanna Samarawickrama', 'prasam', '2002-02-23 00:00:00'),
(7134, 'frapel0.005741326143724216', 'Frank Pellow', 'frapel', '2002-02-24 00:00:00'),
(7135, 'minsu0.380129021946461', 'Min Su', 'minsu', '2002-02-25 00:00:00'),
(7136, 'eribro0.8834211620347772', 'Eric Brown', 'eribro', '2002-02-25 00:00:00'),
(7137, 'erikur0.27671877506814785', 'Eric Kurjan', 'erikur', '2002-02-28 00:00:00'),
(7138, 'patcol0.7333304199700527', 'Pat Coleman', 'patcol', '2002-02-28 00:00:00'),
(7139, 'macdus0.836495805379465', 'Maciej Dusza', 'macdus', '2002-03-01 00:00:00'),
(7140, 'erihag0.9824877977208121', 'Erin Hagens', 'erihag', '2002-03-03 00:00:00'),
(7141, 'patwed0.4029516031993102', 'Patrick Wedge', 'patwed', '2002-03-04 00:00:00'),
(7142, 'framar0.06729465356775993', 'Frank Martinez', 'framar', '2002-03-08 00:00:00'),
(7143, 'eddud0.12761848897451394', 'Ed Dudenhoefer', 'eddud', '2002-03-08 00:00:00'),
(7144, 'chrhil0.4362085149029349', 'Christopher Hill', 'chrhil', '2002-03-11 00:00:00'),
(7145, 'patcoo0.7981871383247777', 'Patrick Cook', 'patcoo', '2002-03-15 00:00:00'),
(7146, 'krisun0.6823101776487289', 'Krishna Sunkammurali', 'krisun', '2002-03-16 00:00:00'),
(7147, 'lorpen0.01698950400295621', 'Lori Penor', 'lorpen', '2002-03-19 00:00:00'),
(7148, 'dantie0.038017017802239414', 'Danielle Tiedt', 'dantie', '2002-03-23 00:00:00'),
(7149, 'soocha0.13911660773597342', 'Sootha Charncherngkha', 'soocha', '2002-03-26 00:00:00'),
(7150, 'miczwi0.5815320160067938', 'Michael Zwilling', 'miczwi', '2002-03-26 00:00:00'),
(7151, 'ranree0.49031028755969397', 'Randy Reeves', 'ranree', '2002-03-26 00:00:00'),
(7152, 'johkan0.7069554205117332', 'John Kane', 'johkan', '2002-03-30 00:00:00'),
(7153, 'jaccre0.06384627061322916', 'Jack Creasey', 'jaccre', '2002-04-03 00:00:00'),
(7154, 'olitur0.19836512226459116', 'Olinda Turner', 'olitur', '2002-04-04 00:00:00'),
(7155, 'stumac0.8002868302169134', 'Stuart Macrae', 'stumac', '2002-04-05 00:00:00'),
(7156, 'jober0.40633881502443814', 'Jo Berry', 'jober', '2002-04-07 00:00:00'),
(7157, 'benmil0.6308336152050957', 'Ben Miller', 'benmil', '2002-04-09 00:00:00'),
(7158, 'tomvan0.9351516616858092', 'Tom Vande Velde', 'tomvan', '2002-04-10 00:00:00'),
(7159, 'ovicra0.7832574935474037', 'Ovidiu Cracium', 'ovicra', '2003-01-05 00:00:00'),
(7160, 'annhil0.11083251341323602', 'Annette Hill', 'annhil', '2003-01-06 00:00:00'),
(7161, 'jangal0.20439011715761396', 'Janice Galvin', 'jangal', '2003-01-23 00:00:00'),
(7162, 'reihil0.6894530762820068', 'Reinout Hillmann', 'reihil', '2003-01-25 00:00:00'),
(7163, 'micsul0.8340950606708368', 'Michael Sullivan', 'micsul', '2003-01-30 00:00:00'),
(7164, 'stejia0.10211610524180914', 'Stephen Jiang', 'stejia', '2003-02-04 00:00:00'),
(7165, 'wanben0.008295374930180028', 'Wanida Benshoof', 'wanben', '2003-02-07 00:00:00'),
(7166, 'shasal0.7351285896591178', 'Sharon Salavaria', 'shasal', '2003-02-18 00:00:00'),
(7167, 'johwoo0.6507568542386934', 'John Wood', 'johwoo', '2003-03-10 00:00:00'),
(7168, 'mardem0.04839853294975919', 'Mary Dempsey', 'mardem', '2003-03-17 00:00:00'),
(7169, 'briwel0.28972213276636055', 'Brian Welcker', 'briwel', '2003-03-18 00:00:00'),
(7170, 'shewor0.30341509571617015', 'Sheela Word', 'shewor', '2003-03-28 00:00:00'),
(7171, 'micbly0.647909111015414', 'Michael Blythe', 'micbly', '2003-07-01 00:00:00'),
(7172, 'linmit0.32930029866220456', 'Linda Mitchell', 'linmit', '2003-07-01 00:00:00'),
(7173, 'jilcar0.7027741909984259', 'Jillian Carson', 'jilcar', '2003-07-01 00:00:00'),
(7174, 'garvar0.5259700897391607', 'Garrett Vargas', 'garvar', '2003-07-01 00:00:00'),
(7175, 'tsvrei0.5215279064341708', 'Tsvi Reiter', 'tsvrei', '2003-07-01 00:00:00'),
(7176, 'pamans0.02972929368701698', 'Pamela Ansman-Wolfe', 'pamans', '2003-07-01 00:00:00'),
(7177, 'shuito0.5840627798662175', 'Shu Ito', 'shuito', '2003-07-01 00:00:00'),
(7178, 'jossar0.8311260490036813', 'Jose Saraiva', 'jossar', '2003-07-01 00:00:00'),
(7179, 'davcam0.4034419361533988', 'David Campbell', 'davcam', '2003-07-01 00:00:00'),
(7180, 'amyalb0.5238315644895952', 'Amy Alberts', 'amyalb', '2004-05-18 00:00:00'),
(7181, 'jaepak0.40883204472142465', 'Jae Pak', 'jaepak', '2004-07-01 00:00:00'),
(7182, 'ranvar0.4726655608719825', 'Ranjit Varkey Chudukatil', 'ranvar', '2004-07-01 00:00:00'),
(7183, 'tetmen0.13683170092928382', 'Tete Mensa-Annan', 'tetmen', '2004-11-01 00:00:00'),
(7184, 'syeabb0.26616185276411647', 'Syed Abbas', 'syeabb', '2005-04-15 00:00:00'),
(7185, 'racval0.9203141917663759', 'Rachel Valdez', 'racval', '2005-07-01 00:00:00'),
(7186, 'lyntso0.8030854312731749', 'Lynn Tsoflias', 'lyntso', '2005-07-01 00:00:00'),
(7187, 'jersmi0.2544846118003918', 'Jeremy Smith', 'jersmi', '2005-03-01 00:00:00'),
(7188, 'marjoh0.8631667959160794', 'Marta Johanson', 'marjoh', '2005-03-01 00:00:00'),
(7189, 'elidia0.5523801749128664', 'Elizabeth Diaz', 'elidia', '2005-03-01 00:00:00');

--
-- Indexes for dumped tables
--

--
-- Indexes for table `addresses`
--
ALTER TABLE `addresses`
  ADD PRIMARY KEY (`AddressID`),
  ADD KEY `FK_Addresses_Towns` (`TownID`);

--
-- Indexes for table `departments`
--
ALTER TABLE `departments`
  ADD PRIMARY KEY (`DepartmentID`),
  ADD KEY `FK_Departments_Employees` (`ManagerID`);

--
-- Indexes for table `employees`
--
ALTER TABLE `employees`
  ADD PRIMARY KEY (`EmployeeID`),
  ADD KEY `FK_Employees_Addresses` (`AddressID`),
  ADD KEY `FK_Employees_Departments` (`DepartmentID`),
  ADD KEY `FK_Employees_Employees` (`ManagerID`);

--
-- Indexes for table `employeesprojects`
--
ALTER TABLE `employeesprojects`
  ADD PRIMARY KEY (`EmployeeID`,`ProjectID`),
  ADD KEY `FK_EmployeesProjects_Projects` (`ProjectID`);

--
-- Indexes for table `projects`
--
ALTER TABLE `projects`
  ADD PRIMARY KEY (`ProjectID`);

--
-- Indexes for table `towns`
--
ALTER TABLE `towns`
  ADD PRIMARY KEY (`TownID`);

--
-- Indexes for table `users`
--
ALTER TABLE `users`
  ADD PRIMARY KEY (`Id`),
  ADD UNIQUE KEY `username` (`username`);

--
-- AUTO_INCREMENT for dumped tables
--

--
-- AUTO_INCREMENT for table `addresses`
--
ALTER TABLE `addresses`
  MODIFY `AddressID` int(11) NOT NULL AUTO_INCREMENT, AUTO_INCREMENT=1000001;

--
-- AUTO_INCREMENT for table `departments`
--
ALTER TABLE `departments`
  MODIFY `DepartmentID` int(11) NOT NULL AUTO_INCREMENT, AUTO_INCREMENT=17;

--
-- AUTO_INCREMENT for table `employees`
--
ALTER TABLE `employees`
  MODIFY `EmployeeID` int(11) NOT NULL AUTO_INCREMENT, AUTO_INCREMENT=294;

--
-- AUTO_INCREMENT for table `projects`
--
ALTER TABLE `projects`
  MODIFY `ProjectID` int(11) NOT NULL AUTO_INCREMENT, AUTO_INCREMENT=69696975;

--
-- AUTO_INCREMENT for table `towns`
--
ALTER TABLE `towns`
  MODIFY `TownID` int(11) NOT NULL AUTO_INCREMENT, AUTO_INCREMENT=343369;

--
-- AUTO_INCREMENT for table `users`
--
ALTER TABLE `users`
  MODIFY `Id` int(11) NOT NULL AUTO_INCREMENT, AUTO_INCREMENT=7190;

--
-- Constraints for dumped tables
--

--
-- Constraints for table `addresses`
--
ALTER TABLE `addresses`
  ADD CONSTRAINT `FK_Addresses_Towns` FOREIGN KEY (`TownID`) REFERENCES `towns` (`townid`);

--
-- Constraints for table `departments`
--
ALTER TABLE `departments`
  ADD CONSTRAINT `FK_Departments_Employees` FOREIGN KEY (`ManagerID`) REFERENCES `employees` (`employeeid`);

--
-- Constraints for table `employees`
--
ALTER TABLE `employees`
  ADD CONSTRAINT `FK_Employees_Addresses` FOREIGN KEY (`AddressID`) REFERENCES `addresses` (`AddressID`),
  ADD CONSTRAINT `FK_Employees_Departments` FOREIGN KEY (`DepartmentID`) REFERENCES `departments` (`DepartmentID`),
  ADD CONSTRAINT `FK_Employees_Employees` FOREIGN KEY (`ManagerID`) REFERENCES `employees` (`EmployeeID`);

--
-- Constraints for table `employeesprojects`
--
ALTER TABLE `employeesprojects`
  ADD CONSTRAINT `FK_EmployeesProjects_Employees` FOREIGN KEY (`EmployeeID`) REFERENCES `employees` (`EmployeeID`),
  ADD CONSTRAINT `FK_EmployeesProjects_Projects` FOREIGN KEY (`ProjectID`) REFERENCES `projects` (`projectid`);
COMMIT;

/*!40101 SET CHARACTER_SET_CLIENT=@OLD_CHARACTER_SET_CLIENT */;
/*!40101 SET CHARACTER_SET_RESULTS=@OLD_CHARACTER_SET_RESULTS */;
/*!40101 SET COLLATION_CONNECTION=@OLD_COLLATION_CONNECTION */;
